Submission.Date,UF,Cidade,Dano,Violência,Tipificação,Vítima,Gênero da vítima 1,Gênero da vítima 2,Gênero da vítima 3,Escolaridade da vítima 3,Escolaridade da vítima 2,Escolaridade da vítima 1,Escolaridade do agressor 3,Escolaridade do agressor 2,Escolaridade do agressor 1,Data da denúncia,Orientação sexual da vítima 1,Orientação sexual da vítima 2,Orientação sexual da vítima 3,Idade da vítima 1,Idade da vítima 2,Idade da vítima 3,Raça/cor da vítima 1,Raça/cor da vítima 2,Raça/cor da vítima 3,Religião da vítima 1,Religião da vítima 2,Religião da vítima 3,Agressor 1,Gênero do agressor 1,Gênero do agressor 2,Gênero do agressor 3,Orientação sexual do agressor 1,Orientação sexual do agressor 2,Orientação sexual do agressor 3,Idade do agressor 1,Idade do agressor 2,Idade do agressor 3,Raça/cor do agressor 1,Raça/cor do agressor 2,Raça/cor do agressor 3,Religião do agressor 1,Religião do agressor 2,Religião do agressor 3,Encaminhamentos,Resumo,Observações
17-03-2022,MATO GROSSO,NOVA LACERDA,,,"SE COMETIDO POR INTERMÉDIO DOS MEIOS DE COMUNICAÇÃO SOCIAL OU PUBLICAÇÃO DE QUALQUER NATUREZA""",Individual ou até 3 pessoas,MASCULINO,,,,,,,,,00-06-2019,NI,,,38,,,NI,,,,,,Individual ou até 3 pessoas,MASCULINO,,,NI,,,21,,,NI,,,,,,,,INTERNET
17-03-2022,MATO GROSSO,NOVA LACERDA,,,"SE COMETIDO POR INTERMÉDIO DOS MEIOS DE COMUNICAÇÃO SOCIAL OU PUBLICAÇÃO DE QUALQUER NATUREZA""",Individual ou até 3 pessoas,MASCULINO,,,,,,,,,00-06-2019,NI,,,38,,,NI,,,,,,Individual ou até 3 pessoas,MASCULINO,,,NI,,,23,,,NI,,,,,,,,INTERNET
17-03-2022,MATO GROSSO,CUIABA,,,"SE COMETIDO POR INTERMÉDIO DOS MEIOS DE COMUNICAÇÃO SOCIAL OU PUBLICAÇÃO DE QUALQUER NATUREZA""",Individual ou até 3 pessoas,MASCULINO,,,,,,,,,00-09-2019,NI,,,28,,,NI,,,,,,Individual ou até 3 pessoas,NAO IDENTIFICADO,,,NI,,,NA,,,NI,,,,,,,,VIA PÚBLICA
17-03-2022,MATO GROSSO,BARRA DO GARCAS,,,"SE COMETIDO POR INTERMÉDIO DOS MEIOS DE COMUNICAÇÃO SOCIAL OU PUBLICAÇÃO DE QUALQUER NATUREZA""",Individual ou até 3 pessoas,MASCULINO,,,,,,,,,00-10-2019,NI,,,37,,,PRETA,,,,,,Individual ou até 3 pessoas,NAO IDENTIFICADO,,,NI,,,NA,,,NI,,,,,,,,RESIDÊNCIA PARTICULAR
17-03-2022,MATO GROSSO,BARRA DO GARCAS,,,"SE COMETIDO POR INTERMÉDIO DOS MEIOS DE COMUNICAÇÃO SOCIAL OU PUBLICAÇÃO DE QUALQUER NATUREZA""",Individual ou até 3 pessoas,FEMININO,,,,,,,,,00-10-2019,NI,,,48,,,AMARELA,,,,,,Individual ou até 3 pessoas,NAO IDENTIFICADO,,,NI,,,NA,,,NI,,,,,,,,RESIDÊNCIA PARTICULAR
17-03-2022,MATO GROSSO,PORTO ESPERIDIAO,,,"SE COMETIDO POR INTERMÉDIO DOS MEIOS DE COMUNICAÇÃO SOCIAL OU PUBLICAÇÃO DE QUALQUER NATUREZA""",Individual ou até 3 pessoas,MASCULINO,,,,,,,,,00-01-2020,NI,,,31,,,PARDA,,,,,,Individual ou até 3 pessoas,FEMININO,,,NI,,,26,,,BRANCO,,,,,,,,OUTRO
17-03-2022,MATO GROSSO,CUIABA,,,"SE COMETIDO POR INTERMÉDIO DOS MEIOS DE COMUNICAÇÃO SOCIAL OU PUBLICAÇÃO DE QUALQUER NATUREZA""",Individual ou até 3 pessoas,MASCULINO,,,,,,,,,00-02-2020,NI,,,52,,,BRANCO,,,,,,Individual ou até 3 pessoas,MASCULINO,,,NI,,,32,,,NI,,,,,,,,RESIDÊNCIA PARTICULAR
17-03-2022,MATO GROSSO,NOVA BANDEIRANTE,,,"SE COMETIDO POR INTERMÉDIO DOS MEIOS DE COMUNICAÇÃO SOCIAL OU PUBLICAÇÃO DE QUALQUER NATUREZA""",Individual ou até 3 pessoas,MASCULINO,,,,,,,,,00-02-2020,HETEROSSEXUAL,,,59,,,PRETA,,,,,,Individual ou até 3 pessoas,MASCULINO,,,NI,,,45,,,NI,,,,,,,,PROPRIEDADE RURAL
17-03-2022,MATO GROSSO,TAPURAH,,,"SE COMETIDO POR INTERMÉDIO DOS MEIOS DE COMUNICAÇÃO SOCIAL OU PUBLICAÇÃO DE QUALQUER NATUREZA""",Individual ou até 3 pessoas,MASCULINO,,,,,,,,,00-02-2020,NI,,,40,,,NI,,,,,,Individual ou até 3 pessoas,MASCULINO,,,NI,,,NA,,,NI,,,,,,,,OUTRO
17-03-2022,MATO GROSSO,VARZEA GRANDE,,,"SE COMETIDO POR INTERMÉDIO DOS MEIOS DE COMUNICAÇÃO SOCIAL OU PUBLICAÇÃO DE QUALQUER NATUREZA""",Individual ou até 3 pessoas,FEMININO,,,,,,,,,00-03-2020,NI,,,1,,,NI,,,,,,Individual ou até 3 pessoas,FEMININO,,,NI,,,31,,,NI,,,,,,,,RESIDÊNCIA PARTICULAR
17-03-2022,MATO GROSSO,SINOP,,,"SE COMETIDO POR INTERMÉDIO DOS MEIOS DE COMUNICAÇÃO SOCIAL OU PUBLICAÇÃO DE QUALQUER NATUREZA""",Individual ou até 3 pessoas,FEMININO,,,,,,,,,00-04-2020,NI,,,53,,,NI,,,,,,Individual ou até 3 pessoas,MASCULINO,,,NI,,,62,,,BRANCO,,,,,,,,RESIDÊNCIA PARTICULAR
17-03-2022,MATO GROSSO,CUIABA,,,"SE COMETIDO POR INTERMÉDIO DOS MEIOS DE COMUNICAÇÃO SOCIAL OU PUBLICAÇÃO DE QUALQUER NATUREZA""",Individual ou até 3 pessoas,FEMININO,,,,,,,,,00-09-2020,NI,,,45,,,NI,,,,,,Individual ou até 3 pessoas,NAO IDENTIFICADO,,,HETEROSSEXUAL,,,NA,,,PARDA,,,,,,,,RESIDÊNCIA PARTICULAR
17-03-2022,MATO GROSSO,CUIABA,,,"SE COMETIDO POR INTERMÉDIO DOS MEIOS DE COMUNICAÇÃO SOCIAL OU PUBLICAÇÃO DE QUALQUER NATUREZA""",Individual ou até 3 pessoas,FEMININO,,,,,,,,,00-09-2020,HETEROSSEXUAL,,,50,,,PRETA,,,,,,Individual ou até 3 pessoas,NAO IDENTIFICADO,,,HETEROSSEXUAL,,,NA,,,PARDA,,,,,,,,RESIDÊNCIA PARTICULAR
17-03-2022,MATO GROSSO,RONDONOPOLIS,,,"SE COMETIDO POR INTERMÉDIO DOS MEIOS DE COMUNICAÇÃO SOCIAL OU PUBLICAÇÃO DE QUALQUER NATUREZA""",Individual ou até 3 pessoas,MASCULINO,,,,,,,,,00-11-2020,NI,,,41,,,NI,,,,,,Individual ou até 3 pessoas,FEMININO,,,NI,,,29,,,NI,,,,,,,,OUTRO
17-03-2022,MATO GROSSO,RONDONOPOLIS,,,"SE COMETIDO POR INTERMÉDIO DOS MEIOS DE COMUNICAÇÃO SOCIAL OU PUBLICAÇÃO DE QUALQUER NATUREZA""",Individual ou até 3 pessoas,FEMININO,,,,,,,,,00-11-2020,NI,,,35,,,NI,,,,,,Individual ou até 3 pessoas,FEMININO,,,NI,,,29,,,NI,,,,,,,,OUTRO
17-03-2022,MATO GROSSO,CUIABA,,,"SE COMETIDO POR INTERMÉDIO DOS MEIOS DE COMUNICAÇÃO SOCIAL OU PUBLICAÇÃO DE QUALQUER NATUREZA""",Individual ou até 3 pessoas,FEMININO,,,,,,,,,00-05-2021,HETEROSSEXUAL,,,26,,,PARDA,,,,,,Individual ou até 3 pessoas,MASCULINO,,,HETEROSSEXUAL,,,34,,,PARDA,,,,,,,,OUTRO
17-03-2022,MATO GROSSO,"FIGUEIROPOLIS D\OESTE""",,,"SE COMETIDO POR INTERMÉDIO DOS MEIOS DE COMUNICAÇÃO SOCIAL OU PUBLICAÇÃO DE QUALQUER NATUREZA""",Individual ou até 3 pessoas,MASCULINO,,,,,,,,,00-05-2021,NI,,,17,,,PRETA,,,,,,Individual ou até 3 pessoas,MASCULINO,,,NI,,,35,,,PARDA,,,,,,,,RESIDÊNCIA PARTICULAR
17-03-2022,MATO GROSSO,RONDONOPOLIS,,,"SE COMETIDO POR INTERMÉDIO DOS MEIOS DE COMUNICAÇÃO SOCIAL OU PUBLICAÇÃO DE QUALQUER NATUREZA""",Individual ou até 3 pessoas,FEMININO,,,,,,,,,00-06-2021,NI,,,51,,,NI,,,,,,Individual ou até 3 pessoas,NAO IDENTIFICADO,,,NI,,,NA,,,NI,,,,,,,,INTERNET
17-03-2022,MATO GROSSO,TAPURAH,,,"SE COMETIDO POR INTERMÉDIO DOS MEIOS DE COMUNICAÇÃO SOCIAL OU PUBLICAÇÃO DE QUALQUER NATUREZA""",Individual ou até 3 pessoas,NAO IDENTIFICADO,,,,,,,,,00-06-2021,NI,,,NA,,,NI,,,,,,Individual ou até 3 pessoas,MASCULINO,,,NI,,,NA,,,NI,,,,,,,,IGREJA
17-03-2022,MATO GROSSO,RONDONOPOLIS,,,"SE COMETIDO POR INTERMÉDIO DOS MEIOS DE COMUNICAÇÃO SOCIAL OU PUBLICAÇÃO DE QUALQUER NATUREZA""",Individual ou até 3 pessoas,MASCULINO,,,,,,,,,00-09-2021,NI,,,25,,,NI,,,,,,Individual ou até 3 pessoas,FEMININO,,,NI,,,NA,,,BRANCO,,,,,,,,OUTRO
17-03-2022,MATO GROSSO,VILA BELA DA SS TRINDADE,,,"SE COMETIDO POR INTERMÉDIO DOS MEIOS DE COMUNICAÇÃO SOCIAL OU PUBLICAÇÃO DE QUALQUER NATUREZA""",Individual ou até 3 pessoas,FEMININO,,,,,,,,,00-10-2021,HETEROSSEXUAL,,,62,,,PRETA,,,,,,Individual ou até 3 pessoas,MASCULINO,,,NI,,,NA,,,BRANCO,,,,,,,,VIA PÚBLICA
17-03-2022,MATO GROSSO,RIBEIRAO CASCALHEIRA,,,"SE COMETIDO POR INTERMÉDIO DOS MEIOS DE COMUNICAÇÃO SOCIAL OU PUBLICAÇÃO DE QUALQUER NATUREZA""",Individual ou até 3 pessoas,MASCULINO,,,,,,,,,00-11-2021,HETEROSSEXUAL,,,38,,,PRETA,,,,,,Individual ou até 3 pessoas,FEMININO,,,HETEROSSEXUAL,,,52,,,PARDA,,,,,,,,RESIDÊNCIA PARTICULAR
17-03-2022,MATO GROSSO,BRASNORTE,,,PRATICAR INDUZIR OU INCITAR A DISCRIMINAÇÃO OU PRECONCEITO DE RAÇA COR ETNIA RELIGIÃO OU PROCEDÊNCIA NACIONAL,Individual ou até 3 pessoas,MASCULINO,,,,,,,,,00-01-2019,NI,,,31,,,NI,,,,,,Individual ou até 3 pessoas,MASCULINO,,,NI,,,61,,,NI,,,,,,,,OUTRO
17-03-2022,MATO GROSSO,CUIABA,,,PRATICAR INDUZIR OU INCITAR A DISCRIMINAÇÃO OU PRECONCEITO DE RAÇA COR ETNIA RELIGIÃO OU PROCEDÊNCIA NACIONAL,Individual ou até 3 pessoas,FEMININO,,,,,,,,,00-01-2019,NI,,,55,,,NI,,,,,,Individual ou até 3 pessoas,NAO IDENTIFICADO,,,NI,,,NA,,,NI,,,,,,,,CASA COMERCIAL
17-03-2022,MATO GROSSO,CUIABA,,,PRATICAR INDUZIR OU INCITAR A DISCRIMINAÇÃO OU PRECONCEITO DE RAÇA COR ETNIA RELIGIÃO OU PROCEDÊNCIA NACIONAL,Individual ou até 3 pessoas,MASCULINO,,,,,,,,,00-01-2019,NI,,,48,,,NI,,,,,,Individual ou até 3 pessoas,NAO IDENTIFICADO,,,NI,,,NA,,,NI,,,,,,,,CASA COMERCIAL
17-03-2022,MATO GROSSO,LUCAS DO RIO VERDE,,,PRATICAR INDUZIR OU INCITAR A DISCRIMINAÇÃO OU PRECONCEITO DE RAÇA COR ETNIA RELIGIÃO OU PROCEDÊNCIA NACIONAL,Individual ou até 3 pessoas,MASCULINO,,,,,,,,,00-01-2019,NI,,,28,,,NI,,,,,,Individual ou até 3 pessoas,MASCULINO,,,NI,,,52,,,BRANCO,,,,,,,,VIA PUBLICA (TRANSEUNTE)
17-03-2022,MATO GROSSO,LUCAS DO RIO VERDE,,,PRATICAR INDUZIR OU INCITAR A DISCRIMINAÇÃO OU PRECONCEITO DE RAÇA COR ETNIA RELIGIÃO OU PROCEDÊNCIA NACIONAL,Individual ou até 3 pessoas,MASCULINO,,,,,,,,,00-01-2019,NI,,,22,,,NI,,,,,,Individual ou até 3 pessoas,MASCULINO,,,NI,,,52,,,BRANCO,,,,,,,,VIA PUBLICA (TRANSEUNTE)
17-03-2022,MATO GROSSO,LUCAS DO RIO VERDE,,,PRATICAR INDUZIR OU INCITAR A DISCRIMINAÇÃO OU PRECONCEITO DE RAÇA COR ETNIA RELIGIÃO OU PROCEDÊNCIA NACIONAL,Individual ou até 3 pessoas,MASCULINO,,,,,,,,,00-01-2019,NI,,,23,,,NI,,,,,,Individual ou até 3 pessoas,MASCULINO,,,NI,,,52,,,BRANCO,,,,,,,,VIA PUBLICA (TRANSEUNTE)
17-03-2022,MATO GROSSO,SAO JOSE DOS QUATRO MARCOS,,,PRATICAR INDUZIR OU INCITAR A DISCRIMINAÇÃO OU PRECONCEITO DE RAÇA COR ETNIA RELIGIÃO OU PROCEDÊNCIA NACIONAL,Individual ou até 3 pessoas,FEMININO,,,,,,,,,00-01-2019,HETEROSSEXUAL,,,24,,,PARDA,,,,,,Individual ou até 3 pessoas,FEMININO,,,NI,,,47,,,PRETA,,,,,,,,HOSPITAL
17-03-2022,MATO GROSSO,CAMPO NOVO DO PARECIS,,,PRATICAR INDUZIR OU INCITAR A DISCRIMINAÇÃO OU PRECONCEITO DE RAÇA COR ETNIA RELIGIÃO OU PROCEDÊNCIA NACIONAL,Individual ou até 3 pessoas,MASCULINO,,,,,,,,,00-02-2019,NI,,,35,,,NI,,,,,,Individual ou até 3 pessoas,MASCULINO,,,NI,,,38,,,NI,,,,,,,,OUTRO
17-03-2022,MATO GROSSO,CUIABA,,,PRATICAR INDUZIR OU INCITAR A DISCRIMINAÇÃO OU PRECONCEITO DE RAÇA COR ETNIA RELIGIÃO OU PROCEDÊNCIA NACIONAL,Individual ou até 3 pessoas,FEMININO,,,,,,,,,00-02-2019,NI,,,38,,,NI,,,,,,Individual ou até 3 pessoas,MASCULINO,,,NI,,,27,,,NI,,,,,,,,CASA COMERCIAL
17-03-2022,MATO GROSSO,NOVO SANTO ANTONIO,,,PRATICAR INDUZIR OU INCITAR A DISCRIMINAÇÃO OU PRECONCEITO DE RAÇA COR ETNIA RELIGIÃO OU PROCEDÊNCIA NACIONAL,Individual ou até 3 pessoas,FEMININO,,,,,,,,,00-02-2019,HETEROSSEXUAL,,,17,,,PARDA,,,,,,Individual ou até 3 pessoas,NAO IDENTIFICADO,,,NI,,,NA,,,NI,,,,,,,,PRACA PUBLICA
17-03-2022,MATO GROSSO,PARANATINGA,,,PRATICAR INDUZIR OU INCITAR A DISCRIMINAÇÃO OU PRECONCEITO DE RAÇA COR ETNIA RELIGIÃO OU PROCEDÊNCIA NACIONAL,Individual ou até 3 pessoas,FEMININO,,,,,,,,,00-02-2019,NI,,,48,,,NI,,,,,,Individual ou até 3 pessoas,NAO IDENTIFICADO,,,NI,,,NA,,,NI,,,,,,,,RESIDÊNCIA PARTICULAR
17-03-2022,MATO GROSSO,SORRISO,,,PRATICAR INDUZIR OU INCITAR A DISCRIMINAÇÃO OU PRECONCEITO DE RAÇA COR ETNIA RELIGIÃO OU PROCEDÊNCIA NACIONAL,Individual ou até 3 pessoas,MASCULINO,,,,,,,,,00-02-2019,NI,,,20,,,NI,,,,,,Individual ou até 3 pessoas,MASCULINO,,,NI,,,NA,,,NI,,,,,,,,CASA COMERCIAL
17-03-2022,MATO GROSSO,SORRISO,,,PRATICAR INDUZIR OU INCITAR A DISCRIMINAÇÃO OU PRECONCEITO DE RAÇA COR ETNIA RELIGIÃO OU PROCEDÊNCIA NACIONAL,Individual ou até 3 pessoas,FEMININO,,,,,,,,,00-02-2019,NI,,,28,,,PRETA,,,,,,Individual ou até 3 pessoas,FEMININO,,,NI,,,42,,,NI,,,,,,,,RESIDÊNCIA PARTICULAR
17-03-2022,MATO GROSSO,VARZEA GRANDE,,,PRATICAR INDUZIR OU INCITAR A DISCRIMINAÇÃO OU PRECONCEITO DE RAÇA COR ETNIA RELIGIÃO OU PROCEDÊNCIA NACIONAL,Individual ou até 3 pessoas,FEMININO,,,,,,,,,00-02-2019,NI,,,59,,,NI,,,,,,Individual ou até 3 pessoas,NAO IDENTIFICADO,,,NI,,,NA,,,NI,,,,,,,,OUTRO
17-03-2022,MATO GROSSO,CACERES,,,PRATICAR INDUZIR OU INCITAR A DISCRIMINAÇÃO OU PRECONCEITO DE RAÇA COR ETNIA RELIGIÃO OU PROCEDÊNCIA NACIONAL,Individual ou até 3 pessoas,FEMININO,,,,,,,,,00-03-2019,NI,,,13,,,PARDA,,,,,,Individual ou até 3 pessoas,MASCULINO,,,NI,,,NA,,,NI,,,,,,,,RESIDÊNCIA PARTICULAR
17-03-2022,MATO GROSSO,CACERES,,,PRATICAR INDUZIR OU INCITAR A DISCRIMINAÇÃO OU PRECONCEITO DE RAÇA COR ETNIA RELIGIÃO OU PROCEDÊNCIA NACIONAL,Individual ou até 3 pessoas,FEMININO,,,,,,,,,00-03-2019,NI,,,37,,,PARDA,,,,,,Individual ou até 3 pessoas,MASCULINO,,,NI,,,NA,,,NI,,,,,,,,RESIDÊNCIA PARTICULAR
17-03-2022,MATO GROSSO,CACERES,,,PRATICAR INDUZIR OU INCITAR A DISCRIMINAÇÃO OU PRECONCEITO DE RAÇA COR ETNIA RELIGIÃO OU PROCEDÊNCIA NACIONAL,Individual ou até 3 pessoas,FEMININO,,,,,,,,,00-03-2019,NI,,,13,,,PARDA,,,,,,Individual ou até 3 pessoas,FEMININO,,,NI,,,NA,,,NI,,,,,,,,RESIDÊNCIA PARTICULAR
17-03-2022,MATO GROSSO,CACERES,,,PRATICAR INDUZIR OU INCITAR A DISCRIMINAÇÃO OU PRECONCEITO DE RAÇA COR ETNIA RELIGIÃO OU PROCEDÊNCIA NACIONAL,Individual ou até 3 pessoas,FEMININO,,,,,,,,,00-03-2019,NI,,,37,,,PARDA,,,,,,Individual ou até 3 pessoas,FEMININO,,,NI,,,NA,,,NI,,,,,,,,RESIDÊNCIA PARTICULAR
17-03-2022,MATO GROSSO,CUIABA,,,PRATICAR INDUZIR OU INCITAR A DISCRIMINAÇÃO OU PRECONCEITO DE RAÇA COR ETNIA RELIGIÃO OU PROCEDÊNCIA NACIONAL,Individual ou até 3 pessoas,MASCULINO,,,,,,,,,00-04-2019,NI,,,69,,,NI,,,,,,Individual ou até 3 pessoas,NAO IDENTIFICADO,,,NI,,,NA,,,NI,,,,,,,,OUTRO
17-03-2022,MATO GROSSO,CUIABA,,,PRATICAR INDUZIR OU INCITAR A DISCRIMINAÇÃO OU PRECONCEITO DE RAÇA COR ETNIA RELIGIÃO OU PROCEDÊNCIA NACIONAL,Individual ou até 3 pessoas,FEMININO,,,,,,,,,00-05-2019,NI,,,39,,,NI,,,,,,Individual ou até 3 pessoas,MASCULINO,,,NI,,,25,,,BRANCO,,,,,,,,OUTRO
17-03-2022,MATO GROSSO,CUIABA,,,PRATICAR INDUZIR OU INCITAR A DISCRIMINAÇÃO OU PRECONCEITO DE RAÇA COR ETNIA RELIGIÃO OU PROCEDÊNCIA NACIONAL,Individual ou até 3 pessoas,FEMININO,,,,,,,,,00-05-2019,NI,,,19,,,PRETA,,,,,,Individual ou até 3 pessoas,MASCULINO,,,NI,,,25,,,BRANCO,,,,,,,,OUTRO
17-03-2022,MATO GROSSO,CUIABA,,,PRATICAR INDUZIR OU INCITAR A DISCRIMINAÇÃO OU PRECONCEITO DE RAÇA COR ETNIA RELIGIÃO OU PROCEDÊNCIA NACIONAL,Individual ou até 3 pessoas,FEMININO,,,,,,,,,00-05-2019,NI,,,39,,,NI,,,,,,Individual ou até 3 pessoas,FEMININO,,,NI,,,42,,,NI,,,,,,,,OUTRO
17-03-2022,MATO GROSSO,CUIABA,,,PRATICAR INDUZIR OU INCITAR A DISCRIMINAÇÃO OU PRECONCEITO DE RAÇA COR ETNIA RELIGIÃO OU PROCEDÊNCIA NACIONAL,Individual ou até 3 pessoas,FEMININO,,,,,,,,,00-05-2019,NI,,,19,,,PRETA,,,,,,Individual ou até 3 pessoas,FEMININO,,,NI,,,42,,,NI,,,,,,,,OUTRO
17-03-2022,MATO GROSSO,CUIABA,,,PRATICAR INDUZIR OU INCITAR A DISCRIMINAÇÃO OU PRECONCEITO DE RAÇA COR ETNIA RELIGIÃO OU PROCEDÊNCIA NACIONAL,Individual ou até 3 pessoas,FEMININO,,,,,,,,,00-05-2019,HETEROSSEXUAL,,,46,,,BRANCO,,,,,,Individual ou até 3 pessoas,FEMININO,,,HETEROSSEXUAL,,,62,,,NI,,,,,,,,RESIDÊNCIA PARTICULAR
17-03-2022,MATO GROSSO,PEIXOTO DE AZEVEDO,,,PRATICAR INDUZIR OU INCITAR A DISCRIMINAÇÃO OU PRECONCEITO DE RAÇA COR ETNIA RELIGIÃO OU PROCEDÊNCIA NACIONAL,Individual ou até 3 pessoas,FEMININO,,,,,,,,,00-05-2019,HETEROSSEXUAL,,,32,,,PRETA,,,,,,Individual ou até 3 pessoas,FEMININO,,,NI,,,25,,,BRANCO,,,,,,,,OUTRO
17-03-2022,MATO GROSSO,PEIXOTO DE AZEVEDO,,,PRATICAR INDUZIR OU INCITAR A DISCRIMINAÇÃO OU PRECONCEITO DE RAÇA COR ETNIA RELIGIÃO OU PROCEDÊNCIA NACIONAL,Individual ou até 3 pessoas,FEMININO,,,,,,,,,00-05-2019,HETEROSSEXUAL,,,32,,,PRETA,,,,,,Individual ou até 3 pessoas,NAO IDENTIFICADO,,,NI,,,25,,,PARDA,,,,,,,,OUTRO
17-03-2022,MATO GROSSO,CUIABA,,,PRATICAR INDUZIR OU INCITAR A DISCRIMINAÇÃO OU PRECONCEITO DE RAÇA COR ETNIA RELIGIÃO OU PROCEDÊNCIA NACIONAL,Individual ou até 3 pessoas,FEMININO,,,,,,,,,00-06-2019,NI,,,40,,,NI,,,,,,Individual ou até 3 pessoas,FEMININO,,,NI,,,47,,,NI,,,,,,,,OUTRO
17-03-2022,MATO GROSSO,FELIZ NATAL,,,PRATICAR INDUZIR OU INCITAR A DISCRIMINAÇÃO OU PRECONCEITO DE RAÇA COR ETNIA RELIGIÃO OU PROCEDÊNCIA NACIONAL,Individual ou até 3 pessoas,FEMININO,,,,,,,,,00-06-2019,NI,,,37,,,PRETA,,,,,,Individual ou até 3 pessoas,MASCULINO,,,NI,,,NA,,,PARDA,,,,,,,,RESIDÊNCIA PARTICULAR
17-03-2022,MATO GROSSO,RONDONOPOLIS,,,PRATICAR INDUZIR OU INCITAR A DISCRIMINAÇÃO OU PRECONCEITO DE RAÇA COR ETNIA RELIGIÃO OU PROCEDÊNCIA NACIONAL,Individual ou até 3 pessoas,MASCULINO,,,,,,,,,00-06-2019,HETEROSSEXUAL,,,75,,,PRETA,,,,,,Individual ou até 3 pessoas,NAO IDENTIFICADO,,,NI,,,NA,,,NI,,,,,,,,OUTRO
17-03-2022,MATO GROSSO,APIACAS,,,PRATICAR INDUZIR OU INCITAR A DISCRIMINAÇÃO OU PRECONCEITO DE RAÇA COR ETNIA RELIGIÃO OU PROCEDÊNCIA NACIONAL,Individual ou até 3 pessoas,FEMININO,,,,,,,,,00-07-2019,NI,,,29,,,PRETA,,,,,,Individual ou até 3 pessoas,FEMININO,,,NI,,,34,,,NI,,,,,,,,OUTRO
17-03-2022,MATO GROSSO,CUIABA,,,PRATICAR INDUZIR OU INCITAR A DISCRIMINAÇÃO OU PRECONCEITO DE RAÇA COR ETNIA RELIGIÃO OU PROCEDÊNCIA NACIONAL,Individual ou até 3 pessoas,FEMININO,,,,,,,,,00-07-2019,NI,,,55,,,NI,,,,,,Individual ou até 3 pessoas,NAO IDENTIFICADO,,,NI,,,NA,,,NI,,,,,,,,RESIDÊNCIA PARTICULAR
17-03-2022,MATO GROSSO,CUIABA,,,PRATICAR INDUZIR OU INCITAR A DISCRIMINAÇÃO OU PRECONCEITO DE RAÇA COR ETNIA RELIGIÃO OU PROCEDÊNCIA NACIONAL,Individual ou até 3 pessoas,MASCULINO,,,,,,,,,00-07-2019,NI,,,43,,,PARDA,,,,,,Individual ou até 3 pessoas,MASCULINO,,,NI,,,44,,,BRANCO,,,,,,,,RESTAURANTE
17-03-2022,MATO GROSSO,VARZEA GRANDE,,,PRATICAR INDUZIR OU INCITAR A DISCRIMINAÇÃO OU PRECONCEITO DE RAÇA COR ETNIA RELIGIÃO OU PROCEDÊNCIA NACIONAL,Individual ou até 3 pessoas,FEMININO,,,,,,,,,00-07-2019,NI,,,47,,,NI,,,,,,Individual ou até 3 pessoas,MASCULINO,,,NI,,,51,,,NI,,,,,,,,OUTRO
17-03-2022,MATO GROSSO,VARZEA GRANDE,,,PRATICAR INDUZIR OU INCITAR A DISCRIMINAÇÃO OU PRECONCEITO DE RAÇA COR ETNIA RELIGIÃO OU PROCEDÊNCIA NACIONAL,Individual ou até 3 pessoas,FEMININO,,,,,,,,,00-07-2019,NI,,,20,,,NI,,,,,,Individual ou até 3 pessoas,MASCULINO,,,NI,,,51,,,NI,,,,,,,,OUTRO
17-03-2022,MATO GROSSO,ALTO ARAGUAIA,,,PRATICAR INDUZIR OU INCITAR A DISCRIMINAÇÃO OU PRECONCEITO DE RAÇA COR ETNIA RELIGIÃO OU PROCEDÊNCIA NACIONAL,Individual ou até 3 pessoas,FEMININO,,,,,,,,,00-08-2019,HETEROSSEXUAL,,,26,,,PRETA,,,,,,Individual ou até 3 pessoas,MASCULINO,,,HETEROSSEXUAL,,,23,,,BRANCO,,,,,,,,RESIDÊNCIA PARTICULAR
17-03-2022,MATO GROSSO,BRASNORTE,,,PRATICAR INDUZIR OU INCITAR A DISCRIMINAÇÃO OU PRECONCEITO DE RAÇA COR ETNIA RELIGIÃO OU PROCEDÊNCIA NACIONAL,Individual ou até 3 pessoas,FEMININO,,,,,,,,,00-08-2019,HETEROSSEXUAL,,,41,,,PARDA,,,,,,Individual ou até 3 pessoas,NAO IDENTIFICADO,,,NI,,,NA,,,NI,,,,,,,,ESCOLA PUBLICA
17-03-2022,MATO GROSSO,CUIABA,,,PRATICAR INDUZIR OU INCITAR A DISCRIMINAÇÃO OU PRECONCEITO DE RAÇA COR ETNIA RELIGIÃO OU PROCEDÊNCIA NACIONAL,Individual ou até 3 pessoas,FEMININO,,,,,,,,,00-08-2019,NI,,,19,,,PARDA,,,,,,Individual ou até 3 pessoas,MASCULINO,,,NI,,,NA,,,BRANCO,,,,,,,,HOSPITAL
17-03-2022,MATO GROSSO,CUIABA,,,PRATICAR INDUZIR OU INCITAR A DISCRIMINAÇÃO OU PRECONCEITO DE RAÇA COR ETNIA RELIGIÃO OU PROCEDÊNCIA NACIONAL,Individual ou até 3 pessoas,FEMININO,,,,,,,,,00-08-2019,HETEROSSEXUAL,,,40,,,PARDA,,,,,,Individual ou até 3 pessoas,MASCULINO,,,NI,,,35,,,PARDA,,,,,,,,OUTRO
17-03-2022,MATO GROSSO,NOVA MUTUM,,,PRATICAR INDUZIR OU INCITAR A DISCRIMINAÇÃO OU PRECONCEITO DE RAÇA COR ETNIA RELIGIÃO OU PROCEDÊNCIA NACIONAL,Individual ou até 3 pessoas,FEMININO,,,,,,,,,00-08-2019,NI,,,20,,,NI,,,,,,Individual ou até 3 pessoas,MASCULINO,,,NI,,,54,,,PARDA,,,,,,,,BAR
17-03-2022,MATO GROSSO,NOVA MUTUM,,,PRATICAR INDUZIR OU INCITAR A DISCRIMINAÇÃO OU PRECONCEITO DE RAÇA COR ETNIA RELIGIÃO OU PROCEDÊNCIA NACIONAL,Individual ou até 3 pessoas,FEMININO,,,,,,,,,00-08-2019,NI,,,19,,,PARDA,,,,,,Individual ou até 3 pessoas,MASCULINO,,,NI,,,54,,,PARDA,,,,,,,,BAR
17-03-2022,MATO GROSSO,PORTO ESTRELA,,,PRATICAR INDUZIR OU INCITAR A DISCRIMINAÇÃO OU PRECONCEITO DE RAÇA COR ETNIA RELIGIÃO OU PROCEDÊNCIA NACIONAL,Individual ou até 3 pessoas,MASCULINO,,,,,,,,,00-08-2019,NI,,,39,,,PRETA,,,,,,Individual ou até 3 pessoas,NAO IDENTIFICADO,,,NI,,,66,,,BRANCO,,,,,,,,COMÉRCIO LIVRE
17-03-2022,MATO GROSSO,VARZEA GRANDE,,,PRATICAR INDUZIR OU INCITAR A DISCRIMINAÇÃO OU PRECONCEITO DE RAÇA COR ETNIA RELIGIÃO OU PROCEDÊNCIA NACIONAL,Individual ou até 3 pessoas,FEMININO,,,,,,,,,00-08-2019,NI,,,29,,,BRANCO,,,,,,Individual ou até 3 pessoas,MASCULINO,,,NI,,,NA,,,NI,,,,,,,,VIA PÚBLICA
17-03-2022,MATO GROSSO,ALTO PARAGUAI,,,PRATICAR INDUZIR OU INCITAR A DISCRIMINAÇÃO OU PRECONCEITO DE RAÇA COR ETNIA RELIGIÃO OU PROCEDÊNCIA NACIONAL,Individual ou até 3 pessoas,MASCULINO,,,,,,,,,00-09-2019,NI,,,84,,,NI,,,,,,Individual ou até 3 pessoas,NAO IDENTIFICADO,,,NI,,,55,,,NI,,,,,,,,RESIDÊNCIA PARTICULAR
17-03-2022,MATO GROSSO,CAMPOS DE JULIO,,,PRATICAR INDUZIR OU INCITAR A DISCRIMINAÇÃO OU PRECONCEITO DE RAÇA COR ETNIA RELIGIÃO OU PROCEDÊNCIA NACIONAL,Individual ou até 3 pessoas,FEMININO,,,,,,,,,00-09-2019,NI,,,17,,,NI,,,,,,Individual ou até 3 pessoas,FEMININO,,,NI,,,53,,,NI,,,,,,,,PROPRIEDADE RURAL
17-03-2022,MATO GROSSO,CAMPOS DE JULIO,,,PRATICAR INDUZIR OU INCITAR A DISCRIMINAÇÃO OU PRECONCEITO DE RAÇA COR ETNIA RELIGIÃO OU PROCEDÊNCIA NACIONAL,Individual ou até 3 pessoas,FEMININO,,,,,,,,,00-09-2019,NI,,,9,,,NI,,,,,,Individual ou até 3 pessoas,FEMININO,,,NI,,,53,,,NI,,,,,,,,PROPRIEDADE RURAL
17-03-2022,MATO GROSSO,CAMPOS DE JULIO,,,PRATICAR INDUZIR OU INCITAR A DISCRIMINAÇÃO OU PRECONCEITO DE RAÇA COR ETNIA RELIGIÃO OU PROCEDÊNCIA NACIONAL,Individual ou até 3 pessoas,FEMININO,,,,,,,,,00-09-2019,NI,,,39,,,NI,,,,,,Individual ou até 3 pessoas,FEMININO,,,NI,,,53,,,NI,,,,,,,,PROPRIEDADE RURAL
17-03-2022,MATO GROSSO,CAMPOS DE JULIO,,,PRATICAR INDUZIR OU INCITAR A DISCRIMINAÇÃO OU PRECONCEITO DE RAÇA COR ETNIA RELIGIÃO OU PROCEDÊNCIA NACIONAL,Individual ou até 3 pessoas,FEMININO,,,,,,,,,00-09-2019,NI,,,17,,,NI,,,,,,Individual ou até 3 pessoas,FEMININO,,,NI,,,78,,,NI,,,,,,,,PROPRIEDADE RURAL
17-03-2022,MATO GROSSO,CAMPOS DE JULIO,,,PRATICAR INDUZIR OU INCITAR A DISCRIMINAÇÃO OU PRECONCEITO DE RAÇA COR ETNIA RELIGIÃO OU PROCEDÊNCIA NACIONAL,Individual ou até 3 pessoas,FEMININO,,,,,,,,,00-09-2019,NI,,,9,,,NI,,,,,,Individual ou até 3 pessoas,FEMININO,,,NI,,,78,,,NI,,,,,,,,PROPRIEDADE RURAL
17-03-2022,MATO GROSSO,CAMPOS DE JULIO,,,PRATICAR INDUZIR OU INCITAR A DISCRIMINAÇÃO OU PRECONCEITO DE RAÇA COR ETNIA RELIGIÃO OU PROCEDÊNCIA NACIONAL,Individual ou até 3 pessoas,FEMININO,,,,,,,,,00-09-2019,NI,,,39,,,NI,,,,,,Individual ou até 3 pessoas,FEMININO,,,NI,,,78,,,NI,,,,,,,,PROPRIEDADE RURAL
17-03-2022,MATO GROSSO,CUIABA,,,PRATICAR INDUZIR OU INCITAR A DISCRIMINAÇÃO OU PRECONCEITO DE RAÇA COR ETNIA RELIGIÃO OU PROCEDÊNCIA NACIONAL,Individual ou até 3 pessoas,MASCULINO,,,,,,,,,00-09-2019,NI,,,19,,,NI,,,,,,Individual ou até 3 pessoas,FEMININO,,,NI,,,35,,,PARDA,,,,,,,,RESIDÊNCIA PARTICULAR
17-03-2022,MATO GROSSO,PONTES E LACERDA,,,PRATICAR INDUZIR OU INCITAR A DISCRIMINAÇÃO OU PRECONCEITO DE RAÇA COR ETNIA RELIGIÃO OU PROCEDÊNCIA NACIONAL,Individual ou até 3 pessoas,FEMININO,,,,,,,,,00-09-2019,NI,,,53,,,PARDA,,,,,,Individual ou até 3 pessoas,FEMININO,,,NI,,,26,,,NI,,,,,,,,RESIDÊNCIA PARTICULAR
17-03-2022,MATO GROSSO,COLNIZA,,,PRATICAR INDUZIR OU INCITAR A DISCRIMINAÇÃO OU PRECONCEITO DE RAÇA COR ETNIA RELIGIÃO OU PROCEDÊNCIA NACIONAL,Individual ou até 3 pessoas,FEMININO,,,,,,,,,00-10-2019,NI,,,38,,,NI,,,,,,Individual ou até 3 pessoas,NAO IDENTIFICADO,,,NI,,,NA,,,NI,,,,,,,,OUTRO
17-03-2022,MATO GROSSO,CUIABA,,,PRATICAR INDUZIR OU INCITAR A DISCRIMINAÇÃO OU PRECONCEITO DE RAÇA COR ETNIA RELIGIÃO OU PROCEDÊNCIA NACIONAL,Individual ou até 3 pessoas,FEMININO,,,,,,,,,00-10-2019,NI,,,44,,,NI,,,,,,Individual ou até 3 pessoas,MASCULINO,,,NI,,,57,,,NI,,,,,,,,CONDOMÍNIO
17-03-2022,MATO GROSSO,CUIABA,,,PRATICAR INDUZIR OU INCITAR A DISCRIMINAÇÃO OU PRECONCEITO DE RAÇA COR ETNIA RELIGIÃO OU PROCEDÊNCIA NACIONAL,Individual ou até 3 pessoas,FEMININO,,,,,,,,,00-10-2019,NI,,,31,,,NI,,,,,,Individual ou até 3 pessoas,MASCULINO,,,NI,,,NA,,,NI,,,,,,,,OUTRO
17-03-2022,MATO GROSSO,CUIABA,,,PRATICAR INDUZIR OU INCITAR A DISCRIMINAÇÃO OU PRECONCEITO DE RAÇA COR ETNIA RELIGIÃO OU PROCEDÊNCIA NACIONAL,Individual ou até 3 pessoas,FEMININO,,,,,,,,,00-10-2019,NI,,,26,,,NI,,,,,,Individual ou até 3 pessoas,MASCULINO,,,NI,,,NA,,,NI,,,,,,,,OUTRO
17-03-2022,MATO GROSSO,CUIABA,,,PRATICAR INDUZIR OU INCITAR A DISCRIMINAÇÃO OU PRECONCEITO DE RAÇA COR ETNIA RELIGIÃO OU PROCEDÊNCIA NACIONAL,Individual ou até 3 pessoas,MASCULINO,,,,,,,,,00-10-2019,NI,,,29,,,NI,,,,,,Individual ou até 3 pessoas,MASCULINO,,,NI,,,NA,,,NI,,,,,,,,OUTRO
17-03-2022,MATO GROSSO,CUIABA,,,PRATICAR INDUZIR OU INCITAR A DISCRIMINAÇÃO OU PRECONCEITO DE RAÇA COR ETNIA RELIGIÃO OU PROCEDÊNCIA NACIONAL,Individual ou até 3 pessoas,FEMININO,,,,,,,,,00-10-2019,NI,,,19,,,NI,,,,,,Individual ou até 3 pessoas,FEMININO,,,NI,,,38,,,NI,,,,,,,,OUTRO
17-03-2022,MATO GROSSO,CUIABA,,,PRATICAR INDUZIR OU INCITAR A DISCRIMINAÇÃO OU PRECONCEITO DE RAÇA COR ETNIA RELIGIÃO OU PROCEDÊNCIA NACIONAL,Individual ou até 3 pessoas,FEMININO,,,,,,,,,00-10-2019,NI,,,58,,,NI,,,,,,Individual ou até 3 pessoas,FEMININO,,,NI,,,49,,,NI,,,,,,,,RESIDÊNCIA PARTICULAR
17-03-2022,MATO GROSSO,CUIABA,,,PRATICAR INDUZIR OU INCITAR A DISCRIMINAÇÃO OU PRECONCEITO DE RAÇA COR ETNIA RELIGIÃO OU PROCEDÊNCIA NACIONAL,Individual ou até 3 pessoas,MASCULINO,,,,,,,,,00-10-2019,NI,,,70,,,NI,,,,,,Individual ou até 3 pessoas,NAO IDENTIFICADO,,,NI,,,NA,,,NI,,,,,,,,VIA PÚBLICA
17-03-2022,MATO GROSSO,LAMBARI DOESTE,,,PRATICAR INDUZIR OU INCITAR A DISCRIMINAÇÃO OU PRECONCEITO DE RAÇA COR ETNIA RELIGIÃO OU PROCEDÊNCIA NACIONAL,Individual ou até 3 pessoas,MASCULINO,,,,,,,,,00-10-2019,NI,,,39,,,PRETA,,,,,,Individual ou até 3 pessoas,NAO IDENTIFICADO,,,NI,,,NA,,,NI,,,,,,,,ESCOLA PUBLICA
17-03-2022,MATO GROSSO,TANGARA DA SERRA,,,PRATICAR INDUZIR OU INCITAR A DISCRIMINAÇÃO OU PRECONCEITO DE RAÇA COR ETNIA RELIGIÃO OU PROCEDÊNCIA NACIONAL,Individual ou até 3 pessoas,FEMININO,,,,,,,,,00-10-2019,NI,,,29,,,NI,,,,,,Individual ou até 3 pessoas,FEMININO,,,NI,,,NA,,,BRANCO,,,,,,,,RESIDÊNCIA PARTICULAR
17-03-2022,MATO GROSSO,CUIABA,,,PRATICAR INDUZIR OU INCITAR A DISCRIMINAÇÃO OU PRECONCEITO DE RAÇA COR ETNIA RELIGIÃO OU PROCEDÊNCIA NACIONAL,Individual ou até 3 pessoas,FEMININO,,,,,,,,,00-11-2019,NI,,,37,,,NI,,,,,,Individual ou até 3 pessoas,FEMININO,,,NI,,,36,,,NI,,,,,,,,HOSPITAL
17-03-2022,MATO GROSSO,CUIABA,,,PRATICAR INDUZIR OU INCITAR A DISCRIMINAÇÃO OU PRECONCEITO DE RAÇA COR ETNIA RELIGIÃO OU PROCEDÊNCIA NACIONAL,Individual ou até 3 pessoas,FEMININO,,,,,,,,,00-11-2019,NI,,,34,,,PARDA,,,,,,Individual ou até 3 pessoas,MASCULINO,,,HETEROSSEXUAL,,,40,,,PARDA,,,,,,,,RESIDÊNCIA PARTICULAR
17-03-2022,MATO GROSSO,CUIABA,,,PRATICAR INDUZIR OU INCITAR A DISCRIMINAÇÃO OU PRECONCEITO DE RAÇA COR ETNIA RELIGIÃO OU PROCEDÊNCIA NACIONAL,Individual ou até 3 pessoas,MASCULINO,,,,,,,,,00-11-2019,NI,,,31,,,PARDA,,,,,,Individual ou até 3 pessoas,MASCULINO,,,HETEROSSEXUAL,,,40,,,PARDA,,,,,,,,RESIDÊNCIA PARTICULAR
17-03-2022,MATO GROSSO,CUIABA,,,PRATICAR INDUZIR OU INCITAR A DISCRIMINAÇÃO OU PRECONCEITO DE RAÇA COR ETNIA RELIGIÃO OU PROCEDÊNCIA NACIONAL,Individual ou até 3 pessoas,MASCULINO,,,,,,,,,00-11-2019,HETEROSSEXUAL,,,24,,,PARDA,,,,,,Individual ou até 3 pessoas,MASCULINO,,,HETEROSSEXUAL,,,40,,,PARDA,,,,,,,,RESIDÊNCIA PARTICULAR
17-03-2022,MATO GROSSO,CUIABA,,,PRATICAR INDUZIR OU INCITAR A DISCRIMINAÇÃO OU PRECONCEITO DE RAÇA COR ETNIA RELIGIÃO OU PROCEDÊNCIA NACIONAL,Individual ou até 3 pessoas,FEMININO,,,,,,,,,00-11-2019,NI,,,34,,,PARDA,,,,,,Individual ou até 3 pessoas,MASCULINO,,,NI,,,NA,,,NI,,,,,,,,RESIDÊNCIA PARTICULAR
17-03-2022,MATO GROSSO,CUIABA,,,PRATICAR INDUZIR OU INCITAR A DISCRIMINAÇÃO OU PRECONCEITO DE RAÇA COR ETNIA RELIGIÃO OU PROCEDÊNCIA NACIONAL,Individual ou até 3 pessoas,MASCULINO,,,,,,,,,00-11-2019,NI,,,31,,,PARDA,,,,,,Individual ou até 3 pessoas,MASCULINO,,,NI,,,NA,,,NI,,,,,,,,RESIDÊNCIA PARTICULAR
17-03-2022,MATO GROSSO,CUIABA,,,PRATICAR INDUZIR OU INCITAR A DISCRIMINAÇÃO OU PRECONCEITO DE RAÇA COR ETNIA RELIGIÃO OU PROCEDÊNCIA NACIONAL,Individual ou até 3 pessoas,MASCULINO,,,,,,,,,00-11-2019,HETEROSSEXUAL,,,24,,,PARDA,,,,,,Individual ou até 3 pessoas,MASCULINO,,,NI,,,NA,,,NI,,,,,,,,RESIDÊNCIA PARTICULAR
17-03-2022,MATO GROSSO,RONDONOPOLIS,,,PRATICAR INDUZIR OU INCITAR A DISCRIMINAÇÃO OU PRECONCEITO DE RAÇA COR ETNIA RELIGIÃO OU PROCEDÊNCIA NACIONAL,Individual ou até 3 pessoas,FEMININO,,,,,,,,,00-11-2019,NI,,,42,,,NI,,,,,,Individual ou até 3 pessoas,NAO IDENTIFICADO,,,NI,,,56,,,NI,,,,,,,,OUTRO
17-03-2022,MATO GROSSO,SINOP,,,PRATICAR INDUZIR OU INCITAR A DISCRIMINAÇÃO OU PRECONCEITO DE RAÇA COR ETNIA RELIGIÃO OU PROCEDÊNCIA NACIONAL,Individual ou até 3 pessoas,MASCULINO,,,,,,,,,00-11-2019,NI,,,11,,,NI,,,,,,Individual ou até 3 pessoas,NAO IDENTIFICADO,,,NI,,,14,,,NI,,,,,,,,RESIDÊNCIA PARTICULAR
17-03-2022,MATO GROSSO,SINOP,,,PRATICAR INDUZIR OU INCITAR A DISCRIMINAÇÃO OU PRECONCEITO DE RAÇA COR ETNIA RELIGIÃO OU PROCEDÊNCIA NACIONAL,Individual ou até 3 pessoas,FEMININO,,,,,,,,,00-11-2019,NI,,,32,,,NI,,,,,,Individual ou até 3 pessoas,NAO IDENTIFICADO,,,NI,,,14,,,NI,,,,,,,,RESIDÊNCIA PARTICULAR
17-03-2022,MATO GROSSO,SINOP,,,PRATICAR INDUZIR OU INCITAR A DISCRIMINAÇÃO OU PRECONCEITO DE RAÇA COR ETNIA RELIGIÃO OU PROCEDÊNCIA NACIONAL,Individual ou até 3 pessoas,MASCULINO,,,,,,,,,00-11-2019,NI,,,11,,,NI,,,,,,Individual ou até 3 pessoas,FEMININO,,,NI,,,NA,,,NI,,,,,,,,RESIDÊNCIA PARTICULAR
17-03-2022,MATO GROSSO,SINOP,,,PRATICAR INDUZIR OU INCITAR A DISCRIMINAÇÃO OU PRECONCEITO DE RAÇA COR ETNIA RELIGIÃO OU PROCEDÊNCIA NACIONAL,Individual ou até 3 pessoas,FEMININO,,,,,,,,,00-11-2019,NI,,,32,,,NI,,,,,,Individual ou até 3 pessoas,FEMININO,,,NI,,,NA,,,NI,,,,,,,,RESIDÊNCIA PARTICULAR
17-03-2022,MATO GROSSO,SORRISO,,,PRATICAR INDUZIR OU INCITAR A DISCRIMINAÇÃO OU PRECONCEITO DE RAÇA COR ETNIA RELIGIÃO OU PROCEDÊNCIA NACIONAL,Individual ou até 3 pessoas,FEMININO,,,,,,,,,00-11-2019,NI,,,23,,,PARDA,,,,,,Individual ou até 3 pessoas,FEMININO,,,NI,,,45,,,PARDA,,,,,,,,INTERNET
17-03-2022,MATO GROSSO,BARRA DO GARCAS,,,PRATICAR INDUZIR OU INCITAR A DISCRIMINAÇÃO OU PRECONCEITO DE RAÇA COR ETNIA RELIGIÃO OU PROCEDÊNCIA NACIONAL,Individual ou até 3 pessoas,FEMININO,,,,,,,,,00-12-2019,NI,,,26,,,PARDA,,,,,,Individual ou até 3 pessoas,MASCULINO,,,NI,,,25,,,PARDA,,,,,,,,RESIDÊNCIA PARTICULAR
17-03-2022,MATO GROSSO,CUIABA,,,PRATICAR INDUZIR OU INCITAR A DISCRIMINAÇÃO OU PRECONCEITO DE RAÇA COR ETNIA RELIGIÃO OU PROCEDÊNCIA NACIONAL,Individual ou até 3 pessoas,MASCULINO,,,,,,,,,00-12-2019,NI,,,36,,,PARDA,,,,,,Individual ou até 3 pessoas,MASCULINO,,,NI,,,NA,,,NI,,,,,,,,CONDOMÍNIO
17-03-2022,MATO GROSSO,CUIABA,,,PRATICAR INDUZIR OU INCITAR A DISCRIMINAÇÃO OU PRECONCEITO DE RAÇA COR ETNIA RELIGIÃO OU PROCEDÊNCIA NACIONAL,Individual ou até 3 pessoas,FEMININO,,,,,,,,,00-12-2019,NI,,,42,,,PARDA,,,,,,Individual ou até 3 pessoas,FEMININO,,,NI,,,28,,,PRETA,,,,,,,,RESIDÊNCIA PARTICULAR
17-03-2022,MATO GROSSO,ALTO GARCAS,,,PRATICAR INDUZIR OU INCITAR A DISCRIMINAÇÃO OU PRECONCEITO DE RAÇA COR ETNIA RELIGIÃO OU PROCEDÊNCIA NACIONAL,Individual ou até 3 pessoas,MASCULINO,,,,,,,,,00-01-2020,HETEROSSEXUAL,,,32,,,PRETA,,,,,,Individual ou até 3 pessoas,FEMININO,,,HETEROSSEXUAL,,,16,,,PARDA,,,,,,,,HOSPITAL
17-03-2022,MATO GROSSO,COLNIZA,,,PRATICAR INDUZIR OU INCITAR A DISCRIMINAÇÃO OU PRECONCEITO DE RAÇA COR ETNIA RELIGIÃO OU PROCEDÊNCIA NACIONAL,Individual ou até 3 pessoas,FEMININO,,,,,,,,,00-01-2020,NI,,,5,,,PRETA,,,,,,Individual ou até 3 pessoas,FEMININO,,,NI,,,58,,,BRANCO,,,,,,,,PROPRIEDADE RURAL
17-03-2022,MATO GROSSO,CUIABA,,,PRATICAR INDUZIR OU INCITAR A DISCRIMINAÇÃO OU PRECONCEITO DE RAÇA COR ETNIA RELIGIÃO OU PROCEDÊNCIA NACIONAL,Individual ou até 3 pessoas,MASCULINO,,,,,,,,,00-01-2020,NI,,,62,,,NI,,,,,,Individual ou até 3 pessoas,NAO IDENTIFICADO,,,NI,,,NA,,,NI,,,,,,,,VIA PÚBLICA
17-03-2022,MATO GROSSO,SAO JOSE DO RIO CLARO,,,PRATICAR INDUZIR OU INCITAR A DISCRIMINAÇÃO OU PRECONCEITO DE RAÇA COR ETNIA RELIGIÃO OU PROCEDÊNCIA NACIONAL,Individual ou até 3 pessoas,MASCULINO,,,,,,,,,00-01-2020,HETEROSSEXUAL,,,39,,,PARDA,,,,,,Individual ou até 3 pessoas,MASCULINO,,,NI,,,18,,,BRANCO,,,,,,,,RESIDÊNCIA PARTICULAR
17-03-2022,MATO GROSSO,VARZEA GRANDE,,,PRATICAR INDUZIR OU INCITAR A DISCRIMINAÇÃO OU PRECONCEITO DE RAÇA COR ETNIA RELIGIÃO OU PROCEDÊNCIA NACIONAL,Individual ou até 3 pessoas,FEMININO,,,,,,,,,00-01-2020,NI,,,32,,,NI,,,,,,Individual ou até 3 pessoas,MASCULINO,,,NI,,,45,,,NI,,,,,,,,EM TAXI
17-03-2022,MATO GROSSO,CUIABA,,,PRATICAR INDUZIR OU INCITAR A DISCRIMINAÇÃO OU PRECONCEITO DE RAÇA COR ETNIA RELIGIÃO OU PROCEDÊNCIA NACIONAL,Individual ou até 3 pessoas,MASCULINO,,,,,,,,,00-02-2020,NI,,,31,,,PARDA,,,,,,Individual ou até 3 pessoas,NAO IDENTIFICADO,,,NI,,,NA,,,NI,,,,,,,,HOTEL
17-03-2022,MATO GROSSO,CUIABA,,,PRATICAR INDUZIR OU INCITAR A DISCRIMINAÇÃO OU PRECONCEITO DE RAÇA COR ETNIA RELIGIÃO OU PROCEDÊNCIA NACIONAL,Individual ou até 3 pessoas,MASCULINO,,,,,,,,,00-02-2020,NI,,,26,,,PARDA,,,,,,Individual ou até 3 pessoas,NAO IDENTIFICADO,,,NI,,,NA,,,NI,,,,,,,,HOTEL
17-03-2022,MATO GROSSO,CUIABA,,,PRATICAR INDUZIR OU INCITAR A DISCRIMINAÇÃO OU PRECONCEITO DE RAÇA COR ETNIA RELIGIÃO OU PROCEDÊNCIA NACIONAL,Individual ou até 3 pessoas,FEMININO,,,,,,,,,00-02-2020,HETEROSSEXUAL,,,36,,,PRETA,,,,,,Individual ou até 3 pessoas,FEMININO,,,NI,,,30,,,PARDA,,,,,,,,RESTAURANTE
17-03-2022,MATO GROSSO,CUIABA,,,PRATICAR INDUZIR OU INCITAR A DISCRIMINAÇÃO OU PRECONCEITO DE RAÇA COR ETNIA RELIGIÃO OU PROCEDÊNCIA NACIONAL,Individual ou até 3 pessoas,FEMININO,,,,,,,,,00-02-2020,HETEROSSEXUAL,,,38,,,PARDA,,,,,,Individual ou até 3 pessoas,FEMININO,,,NI,,,65,,,PARDA,,,,,,,,VIA PÚBLICA
17-03-2022,MATO GROSSO,RONDONOPOLIS,,,PRATICAR INDUZIR OU INCITAR A DISCRIMINAÇÃO OU PRECONCEITO DE RAÇA COR ETNIA RELIGIÃO OU PROCEDÊNCIA NACIONAL,Individual ou até 3 pessoas,FEMININO,,,,,,,,,00-02-2020,NI,,,19,,,PARDA,,,,,,Individual ou até 3 pessoas,FEMININO,,,NI,,,35,,,PARDA,,,,,,,,RESIDÊNCIA PARTICULAR
17-03-2022,MATO GROSSO,RONDONOPOLIS,,,PRATICAR INDUZIR OU INCITAR A DISCRIMINAÇÃO OU PRECONCEITO DE RAÇA COR ETNIA RELIGIÃO OU PROCEDÊNCIA NACIONAL,Individual ou até 3 pessoas,FEMININO,,,,,,,,,00-02-2020,NI,,,7,,,PRETA,,,,,,Individual ou até 3 pessoas,FEMININO,,,NI,,,35,,,PARDA,,,,,,,,RESIDÊNCIA PARTICULAR
17-03-2022,MATO GROSSO,RONDONOPOLIS,,,PRATICAR INDUZIR OU INCITAR A DISCRIMINAÇÃO OU PRECONCEITO DE RAÇA COR ETNIA RELIGIÃO OU PROCEDÊNCIA NACIONAL,Individual ou até 3 pessoas,MASCULINO,,,,,,,,,00-02-2020,NI,,,12,,,BRANCO,,,,,,Individual ou até 3 pessoas,FEMININO,,,NI,,,35,,,PARDA,,,,,,,,RESIDÊNCIA PARTICULAR
17-03-2022,MATO GROSSO,SINOP,,,PRATICAR INDUZIR OU INCITAR A DISCRIMINAÇÃO OU PRECONCEITO DE RAÇA COR ETNIA RELIGIÃO OU PROCEDÊNCIA NACIONAL,Individual ou até 3 pessoas,FEMININO,,,,,,,,,00-02-2020,NI,,,44,,,NI,,,,,,Individual ou até 3 pessoas,MASCULINO,,,NI,,,19,,,PARDA,,,,,,,,RESIDÊNCIA PARTICULAR
17-03-2022,MATO GROSSO,VARZEA GRANDE,,,PRATICAR INDUZIR OU INCITAR A DISCRIMINAÇÃO OU PRECONCEITO DE RAÇA COR ETNIA RELIGIÃO OU PROCEDÊNCIA NACIONAL,Individual ou até 3 pessoas,FEMININO,,,,,,,,,00-02-2020,NI,,,52,,,NI,,,,,,Individual ou até 3 pessoas,MASCULINO,,,NI,,,51,,,NI,,,,,,,,OUTRO
17-03-2022,MATO GROSSO,VARZEA GRANDE,,,PRATICAR INDUZIR OU INCITAR A DISCRIMINAÇÃO OU PRECONCEITO DE RAÇA COR ETNIA RELIGIÃO OU PROCEDÊNCIA NACIONAL,Individual ou até 3 pessoas,FEMININO,,,,,,,,,00-02-2020,HETEROSSEXUAL,,,45,,,NI,,,,,,Individual ou até 3 pessoas,MASCULINO,,,HETEROSSEXUAL,,,35,,,NI,,,,,,,,RESIDÊNCIA PARTICULAR
17-03-2022,MATO GROSSO,VARZEA GRANDE,,,PRATICAR INDUZIR OU INCITAR A DISCRIMINAÇÃO OU PRECONCEITO DE RAÇA COR ETNIA RELIGIÃO OU PROCEDÊNCIA NACIONAL,Individual ou até 3 pessoas,FEMININO,,,,,,,,,00-02-2020,HETEROSSEXUAL,,,45,,,NI,,,,,,Individual ou até 3 pessoas,FEMININO,,,HETEROSSEXUAL,,,33,,,NI,,,,,,,,RESIDÊNCIA PARTICULAR
17-03-2022,MATO GROSSO,CUIABA,,,PRATICAR INDUZIR OU INCITAR A DISCRIMINAÇÃO OU PRECONCEITO DE RAÇA COR ETNIA RELIGIÃO OU PROCEDÊNCIA NACIONAL,Individual ou até 3 pessoas,FEMININO,,,,,,,,,00-03-2020,HETEROSSEXUAL,,,20,,,BRANCO,,,,,,Individual ou até 3 pessoas,NAO IDENTIFICADO,,,NI,,,NA,,,NI,,,,,,,,CASA COMERCIAL
17-03-2022,MATO GROSSO,CUIABA,,,PRATICAR INDUZIR OU INCITAR A DISCRIMINAÇÃO OU PRECONCEITO DE RAÇA COR ETNIA RELIGIÃO OU PROCEDÊNCIA NACIONAL,Individual ou até 3 pessoas,MASCULINO,,,,,,,,,00-03-2020,NI,,,72,,,NI,,,,,,Individual ou até 3 pessoas,MASCULINO,,,NI,,,28,,,PARDA,,,,,,,,HOSPITAL
17-03-2022,MATO GROSSO,CUIABA,,,PRATICAR INDUZIR OU INCITAR A DISCRIMINAÇÃO OU PRECONCEITO DE RAÇA COR ETNIA RELIGIÃO OU PROCEDÊNCIA NACIONAL,Individual ou até 3 pessoas,MASCULINO,,,,,,,,,00-03-2020,HOMOSSEXUAL,,,28,,,PRETA,,,,,,Individual ou até 3 pessoas,NAO IDENTIFICADO,,,NI,,,NA,,,NI,,,,,,,,POSTO DE GASOLINA
17-03-2022,MATO GROSSO,CUIABA,,,PRATICAR INDUZIR OU INCITAR A DISCRIMINAÇÃO OU PRECONCEITO DE RAÇA COR ETNIA RELIGIÃO OU PROCEDÊNCIA NACIONAL,Individual ou até 3 pessoas,MASCULINO,,,,,,,,,00-03-2020,NI,,,66,,,BRANCO,,,,,,Individual ou até 3 pessoas,MASCULINO,,,NI,,,56,,,PARDA,,,,,,,,RESIDÊNCIA PARTICULAR
17-03-2022,MATO GROSSO,CUIABA,,,PRATICAR INDUZIR OU INCITAR A DISCRIMINAÇÃO OU PRECONCEITO DE RAÇA COR ETNIA RELIGIÃO OU PROCEDÊNCIA NACIONAL,Individual ou até 3 pessoas,FEMININO,,,,,,,,,00-03-2020,NI,,,59,,,PRETA,,,,,,Individual ou até 3 pessoas,MASCULINO,,,NI,,,56,,,PARDA,,,,,,,,RESIDÊNCIA PARTICULAR
17-03-2022,MATO GROSSO,CUIABA,,,PRATICAR INDUZIR OU INCITAR A DISCRIMINAÇÃO OU PRECONCEITO DE RAÇA COR ETNIA RELIGIÃO OU PROCEDÊNCIA NACIONAL,Individual ou até 3 pessoas,MASCULINO,,,,,,,,,00-03-2020,NI,,,42,,,PARDA,,,,,,Individual ou até 3 pessoas,MASCULINO,,,NI,,,56,,,PARDA,,,,,,,,RESIDÊNCIA PARTICULAR
17-03-2022,MATO GROSSO,CUIABA,,,PRATICAR INDUZIR OU INCITAR A DISCRIMINAÇÃO OU PRECONCEITO DE RAÇA COR ETNIA RELIGIÃO OU PROCEDÊNCIA NACIONAL,Individual ou até 3 pessoas,MASCULINO,,,,,,,,,00-03-2020,NI,,,66,,,BRANCO,,,,,,Individual ou até 3 pessoas,MASCULINO,,,NI,,,25,,,PARDA,,,,,,,,RESIDÊNCIA PARTICULAR
17-03-2022,MATO GROSSO,CUIABA,,,PRATICAR INDUZIR OU INCITAR A DISCRIMINAÇÃO OU PRECONCEITO DE RAÇA COR ETNIA RELIGIÃO OU PROCEDÊNCIA NACIONAL,Individual ou até 3 pessoas,FEMININO,,,,,,,,,00-03-2020,NI,,,59,,,PRETA,,,,,,Individual ou até 3 pessoas,MASCULINO,,,NI,,,25,,,PARDA,,,,,,,,RESIDÊNCIA PARTICULAR
17-03-2022,MATO GROSSO,CUIABA,,,PRATICAR INDUZIR OU INCITAR A DISCRIMINAÇÃO OU PRECONCEITO DE RAÇA COR ETNIA RELIGIÃO OU PROCEDÊNCIA NACIONAL,Individual ou até 3 pessoas,MASCULINO,,,,,,,,,00-03-2020,NI,,,42,,,PARDA,,,,,,Individual ou até 3 pessoas,MASCULINO,,,NI,,,25,,,PARDA,,,,,,,,RESIDÊNCIA PARTICULAR
17-03-2022,MATO GROSSO,CUIABA,,,PRATICAR INDUZIR OU INCITAR A DISCRIMINAÇÃO OU PRECONCEITO DE RAÇA COR ETNIA RELIGIÃO OU PROCEDÊNCIA NACIONAL,Individual ou até 3 pessoas,MASCULINO,,,,,,,,,00-03-2020,NI,,,49,,,NI,,,,,,Individual ou até 3 pessoas,MASCULINO,,,NI,,,28,,,PARDA,,,,,,,,VIA PÚBLICA
17-03-2022,MATO GROSSO,NOVA MUTUM,,,PRATICAR INDUZIR OU INCITAR A DISCRIMINAÇÃO OU PRECONCEITO DE RAÇA COR ETNIA RELIGIÃO OU PROCEDÊNCIA NACIONAL,Individual ou até 3 pessoas,MASCULINO,,,,,,,,,00-03-2020,NI,,,24,,,BRANCO,,,,,,Individual ou até 3 pessoas,FEMININO,,,NI,,,18,,,PRETA,,,,,,,,VIA PÚBLICA
17-03-2022,MATO GROSSO,NOVA MUTUM,,,PRATICAR INDUZIR OU INCITAR A DISCRIMINAÇÃO OU PRECONCEITO DE RAÇA COR ETNIA RELIGIÃO OU PROCEDÊNCIA NACIONAL,Individual ou até 3 pessoas,FEMININO,,,,,,,,,00-03-2020,NI,,,31,,,PARDA,,,,,,Individual ou até 3 pessoas,FEMININO,,,NI,,,18,,,PRETA,,,,,,,,VIA PÚBLICA
17-03-2022,MATO GROSSO,NOVA MUTUM,,,PRATICAR INDUZIR OU INCITAR A DISCRIMINAÇÃO OU PRECONCEITO DE RAÇA COR ETNIA RELIGIÃO OU PROCEDÊNCIA NACIONAL,Individual ou até 3 pessoas,MASCULINO,,,,,,,,,00-03-2020,NI,,,24,,,BRANCO,,,,,,Individual ou até 3 pessoas,MASCULINO,,,NI,,,18,,,NI,,,,,,,,VIA PÚBLICA
17-03-2022,MATO GROSSO,NOVA MUTUM,,,PRATICAR INDUZIR OU INCITAR A DISCRIMINAÇÃO OU PRECONCEITO DE RAÇA COR ETNIA RELIGIÃO OU PROCEDÊNCIA NACIONAL,Individual ou até 3 pessoas,FEMININO,,,,,,,,,00-03-2020,NI,,,31,,,PARDA,,,,,,Individual ou até 3 pessoas,MASCULINO,,,NI,,,18,,,NI,,,,,,,,VIA PÚBLICA
17-03-2022,MATO GROSSO,NOVA MUTUM,,,PRATICAR INDUZIR OU INCITAR A DISCRIMINAÇÃO OU PRECONCEITO DE RAÇA COR ETNIA RELIGIÃO OU PROCEDÊNCIA NACIONAL,Individual ou até 3 pessoas,MASCULINO,,,,,,,,,00-03-2020,NI,,,24,,,BRANCO,,,,,,Individual ou até 3 pessoas,MASCULINO,,,NI,,,20,,,PARDA,,,,,,,,VIA PÚBLICA
17-03-2022,MATO GROSSO,NOVA MUTUM,,,PRATICAR INDUZIR OU INCITAR A DISCRIMINAÇÃO OU PRECONCEITO DE RAÇA COR ETNIA RELIGIÃO OU PROCEDÊNCIA NACIONAL,Individual ou até 3 pessoas,FEMININO,,,,,,,,,00-03-2020,NI,,,31,,,PARDA,,,,,,Individual ou até 3 pessoas,MASCULINO,,,NI,,,20,,,PARDA,,,,,,,,VIA PÚBLICA
17-03-2022,MATO GROSSO,RONDONOPOLIS,,,PRATICAR INDUZIR OU INCITAR A DISCRIMINAÇÃO OU PRECONCEITO DE RAÇA COR ETNIA RELIGIÃO OU PROCEDÊNCIA NACIONAL,Individual ou até 3 pessoas,FEMININO,,,,,,,,,00-03-2020,NI,,,14,,,NI,,,,,,Individual ou até 3 pessoas,NAO IDENTIFICADO,,,NI,,,14,,,NI,,,,,,,,RESIDÊNCIA PARTICULAR
17-03-2022,MATO GROSSO,CUIABA,,,PRATICAR INDUZIR OU INCITAR A DISCRIMINAÇÃO OU PRECONCEITO DE RAÇA COR ETNIA RELIGIÃO OU PROCEDÊNCIA NACIONAL,Individual ou até 3 pessoas,FEMININO,,,,,,,,,00-04-2020,NI,,,19,,,NI,,,,,,Individual ou até 3 pessoas,MASCULINO,,,NI,,,NA,,,NI,,,,,,,,OUTRO
17-03-2022,MATO GROSSO,CUIABA,,,PRATICAR INDUZIR OU INCITAR A DISCRIMINAÇÃO OU PRECONCEITO DE RAÇA COR ETNIA RELIGIÃO OU PROCEDÊNCIA NACIONAL,Individual ou até 3 pessoas,FEMININO,,,,,,,,,00-04-2020,NI,,,19,,,NI,,,,,,Individual ou até 3 pessoas,NAO IDENTIFICADO,,,NI,,,NA,,,NI,,,,,,,,OUTRO
17-03-2022,MATO GROSSO,SINOP,,,PRATICAR INDUZIR OU INCITAR A DISCRIMINAÇÃO OU PRECONCEITO DE RAÇA COR ETNIA RELIGIÃO OU PROCEDÊNCIA NACIONAL,Individual ou até 3 pessoas,FEMININO,,,,,,,,,00-04-2020,NI,,,23,,,NI,,,,,,Individual ou até 3 pessoas,MASCULINO,,,NI,,,33,,,BRANCO,,,,,,,,VIA PÚBLICA
17-03-2022,MATO GROSSO,SINOP,,,PRATICAR INDUZIR OU INCITAR A DISCRIMINAÇÃO OU PRECONCEITO DE RAÇA COR ETNIA RELIGIÃO OU PROCEDÊNCIA NACIONAL,Individual ou até 3 pessoas,MASCULINO,,,,,,,,,00-04-2020,NI,,,25,,,NI,,,,,,Individual ou até 3 pessoas,MASCULINO,,,NI,,,33,,,BRANCO,,,,,,,,VIA PÚBLICA
17-03-2022,MATO GROSSO,SINOP,,,PRATICAR INDUZIR OU INCITAR A DISCRIMINAÇÃO OU PRECONCEITO DE RAÇA COR ETNIA RELIGIÃO OU PROCEDÊNCIA NACIONAL,Individual ou até 3 pessoas,MASCULINO,,,,,,,,,00-04-2020,NI,,,21,,,NI,,,,,,Individual ou até 3 pessoas,MASCULINO,,,NI,,,33,,,BRANCO,,,,,,,,VIA PÚBLICA
17-03-2022,MATO GROSSO,SINOP,,,PRATICAR INDUZIR OU INCITAR A DISCRIMINAÇÃO OU PRECONCEITO DE RAÇA COR ETNIA RELIGIÃO OU PROCEDÊNCIA NACIONAL,Individual ou até 3 pessoas,FEMININO,,,,,,,,,00-04-2020,NI,,,25,,,NI,,,,,,Individual ou até 3 pessoas,MASCULINO,,,NI,,,33,,,BRANCO,,,,,,,,VIA PÚBLICA
17-03-2022,MATO GROSSO,TAPURAH,,,PRATICAR INDUZIR OU INCITAR A DISCRIMINAÇÃO OU PRECONCEITO DE RAÇA COR ETNIA RELIGIÃO OU PROCEDÊNCIA NACIONAL,Individual ou até 3 pessoas,MASCULINO,,,,,,,,,00-04-2020,NI,,,35,,,NI,,,,,,Individual ou até 3 pessoas,MASCULINO,,,NI,,,50,,,NI,,,,,,,,OUTRO
17-03-2022,MATO GROSSO,CLAUDIA,,,PRATICAR INDUZIR OU INCITAR A DISCRIMINAÇÃO OU PRECONCEITO DE RAÇA COR ETNIA RELIGIÃO OU PROCEDÊNCIA NACIONAL,Individual ou até 3 pessoas,FEMININO,,,,,,,,,00-05-2020,NI,,,24,,,NI,,,,,,Individual ou até 3 pessoas,FEMININO,,,NI,,,20,,,NI,,,,,,,,RESIDÊNCIA PARTICULAR
17-03-2022,MATO GROSSO,JACIARA,,,PRATICAR INDUZIR OU INCITAR A DISCRIMINAÇÃO OU PRECONCEITO DE RAÇA COR ETNIA RELIGIÃO OU PROCEDÊNCIA NACIONAL,Individual ou até 3 pessoas,FEMININO,,,,,,,,,00-05-2020,HOMOSSEXUAL,,,26,,,BRANCO,,,,,,Individual ou até 3 pessoas,MASCULINO,,,NI,,,56,,,BRANCO,,,,,,,,BAR
17-03-2022,MATO GROSSO,TANGARA DA SERRA,,,PRATICAR INDUZIR OU INCITAR A DISCRIMINAÇÃO OU PRECONCEITO DE RAÇA COR ETNIA RELIGIÃO OU PROCEDÊNCIA NACIONAL,Individual ou até 3 pessoas,FEMININO,,,,,,,,,00-05-2020,NI,,,25,,,NI,,,,,,Individual ou até 3 pessoas,MASCULINO,,,NI,,,48,,,PARDA,,,,,,,,VIA PÚBLICA
17-03-2022,MATO GROSSO,TANGARA DA SERRA,,,PRATICAR INDUZIR OU INCITAR A DISCRIMINAÇÃO OU PRECONCEITO DE RAÇA COR ETNIA RELIGIÃO OU PROCEDÊNCIA NACIONAL,Individual ou até 3 pessoas,FEMININO,,,,,,,,,00-05-2020,NI,,,35,,,NI,,,,,,Individual ou até 3 pessoas,MASCULINO,,,NI,,,48,,,PARDA,,,,,,,,VIA PÚBLICA
17-03-2022,MATO GROSSO,TANGARA DA SERRA,,,PRATICAR INDUZIR OU INCITAR A DISCRIMINAÇÃO OU PRECONCEITO DE RAÇA COR ETNIA RELIGIÃO OU PROCEDÊNCIA NACIONAL,Individual ou até 3 pessoas,MASCULINO,,,,,,,,,00-05-2020,NI,,,20,,,NI,,,,,,Individual ou até 3 pessoas,MASCULINO,,,NI,,,48,,,PARDA,,,,,,,,VIA PÚBLICA
17-03-2022,MATO GROSSO,APIACAS,,,PRATICAR INDUZIR OU INCITAR A DISCRIMINAÇÃO OU PRECONCEITO DE RAÇA COR ETNIA RELIGIÃO OU PROCEDÊNCIA NACIONAL,Individual ou até 3 pessoas,MASCULINO,,,,,,,,,00-06-2020,NI,,,10,,,PRETA,,,,,,Individual ou até 3 pessoas,FEMININO,,,NI,,,NA,,,PARDA,,,,,,,,RESIDÊNCIA PARTICULAR
17-03-2022,MATO GROSSO,DENISE,,,PRATICAR INDUZIR OU INCITAR A DISCRIMINAÇÃO OU PRECONCEITO DE RAÇA COR ETNIA RELIGIÃO OU PROCEDÊNCIA NACIONAL,Individual ou até 3 pessoas,FEMININO,,,,,,,,,00-06-2020,NI,,,29,,,NI,,,,,,Individual ou até 3 pessoas,FEMININO,,,NI,,,42,,,NI,,,,,,,,VIA PÚBLICA
17-03-2022,MATO GROSSO,COCALINHO,,,PRATICAR INDUZIR OU INCITAR A DISCRIMINAÇÃO OU PRECONCEITO DE RAÇA COR ETNIA RELIGIÃO OU PROCEDÊNCIA NACIONAL,Individual ou até 3 pessoas,FEMININO,,,,,,,,,00-07-2020,NI,,,26,,,NI,,,,,,Individual ou até 3 pessoas,MASCULINO,,,NI,,,41,,,PARDA,,,,,,,,BAR
17-03-2022,MATO GROSSO,CUIABA,,,PRATICAR INDUZIR OU INCITAR A DISCRIMINAÇÃO OU PRECONCEITO DE RAÇA COR ETNIA RELIGIÃO OU PROCEDÊNCIA NACIONAL,Individual ou até 3 pessoas,FEMININO,,,,,,,,,00-07-2020,NI,,,14,,,PARDA,,,,,,Individual ou até 3 pessoas,MASCULINO,,,NI,,,36,,,PRETA,,,,,,,,RESIDÊNCIA PARTICULAR
17-03-2022,MATO GROSSO,CUIABA,,,PRATICAR INDUZIR OU INCITAR A DISCRIMINAÇÃO OU PRECONCEITO DE RAÇA COR ETNIA RELIGIÃO OU PROCEDÊNCIA NACIONAL,Individual ou até 3 pessoas,FEMININO,,,,,,,,,00-07-2020,NI,,,17,,,PARDA,,,,,,Individual ou até 3 pessoas,MASCULINO,,,NI,,,36,,,PRETA,,,,,,,,RESIDÊNCIA PARTICULAR
17-03-2022,MATO GROSSO,CUIABA,,,PRATICAR INDUZIR OU INCITAR A DISCRIMINAÇÃO OU PRECONCEITO DE RAÇA COR ETNIA RELIGIÃO OU PROCEDÊNCIA NACIONAL,Individual ou até 3 pessoas,FEMININO,,,,,,,,,00-07-2020,NI,,,39,,,PRETA,,,,,,Individual ou até 3 pessoas,MASCULINO,,,NI,,,36,,,PRETA,,,,,,,,RESIDÊNCIA PARTICULAR
17-03-2022,MATO GROSSO,RONDONOPOLIS,,,PRATICAR INDUZIR OU INCITAR A DISCRIMINAÇÃO OU PRECONCEITO DE RAÇA COR ETNIA RELIGIÃO OU PROCEDÊNCIA NACIONAL,Individual ou até 3 pessoas,FEMININO,,,,,,,,,00-07-2020,NI,,,48,,,NI,,,,,,Individual ou até 3 pessoas,NAO IDENTIFICADO,,,NI,,,NA,,,NI,,,,,,,,OUTRO
17-03-2022,MATO GROSSO,VILA BELA DA SS TRINDADE,,,PRATICAR INDUZIR OU INCITAR A DISCRIMINAÇÃO OU PRECONCEITO DE RAÇA COR ETNIA RELIGIÃO OU PROCEDÊNCIA NACIONAL,Individual ou até 3 pessoas,FEMININO,,,,,,,,,00-08-2020,NI,,,8,,,NI,,,,,,Individual ou até 3 pessoas,MASCULINO,,,NI,,,29,,,NI,,,,,,,,RESIDÊNCIA PARTICULAR
17-03-2022,MATO GROSSO,CUIABA,,,PRATICAR INDUZIR OU INCITAR A DISCRIMINAÇÃO OU PRECONCEITO DE RAÇA COR ETNIA RELIGIÃO OU PROCEDÊNCIA NACIONAL,Individual ou até 3 pessoas,MASCULINO,,,,,,,,,00-09-2020,NI,,,67,,,PARDA,,,,,,Individual ou até 3 pessoas,MASCULINO,,,NI,,,NA,,,PARDA,,,,,,,,CASA COMERCIAL
17-03-2022,MATO GROSSO,"MIRASSOL D\OESTE""",,,PRATICAR INDUZIR OU INCITAR A DISCRIMINAÇÃO OU PRECONCEITO DE RAÇA COR ETNIA RELIGIÃO OU PROCEDÊNCIA NACIONAL,Individual ou até 3 pessoas,FEMININO,,,,,,,,,00-09-2020,NI,,,19,,,PARDA,,,,,,Individual ou até 3 pessoas,NAO IDENTIFICADO,,,NI,,,30,,,NI,,,,,,,,RESIDÊNCIA PARTICULAR
17-03-2022,MATO GROSSO,NOVA MUTUM,,,PRATICAR INDUZIR OU INCITAR A DISCRIMINAÇÃO OU PRECONCEITO DE RAÇA COR ETNIA RELIGIÃO OU PROCEDÊNCIA NACIONAL,Individual ou até 3 pessoas,MASCULINO,,,,,,,,,00-09-2020,NI,,,43,,,NI,,,,,,Individual ou até 3 pessoas,NAO IDENTIFICADO,,,NI,,,NA,,,NI,,,,,,,,OUTRO
17-03-2022,MATO GROSSO,CUIABA,,,PRATICAR INDUZIR OU INCITAR A DISCRIMINAÇÃO OU PRECONCEITO DE RAÇA COR ETNIA RELIGIÃO OU PROCEDÊNCIA NACIONAL,Individual ou até 3 pessoas,FEMININO,,,,,,,,,00-10-2020,NI,,,34,,,PRETA,,,,,,Individual ou até 3 pessoas,MASCULINO,,,NI,,,NA,,,PARDA,,,,,,,,A BANCO
17-03-2022,MATO GROSSO,CUIABA,,,PRATICAR INDUZIR OU INCITAR A DISCRIMINAÇÃO OU PRECONCEITO DE RAÇA COR ETNIA RELIGIÃO OU PROCEDÊNCIA NACIONAL,Individual ou até 3 pessoas,FEMININO,,,,,,,,,00-10-2020,NI,,,26,,,PARDA,,,,,,Individual ou até 3 pessoas,FEMININO,,,NI,,,38,,,NI,,,,,,,,RESIDÊNCIA PARTICULAR
17-03-2022,MATO GROSSO,LUCAS DO RIO VERDE,,,PRATICAR INDUZIR OU INCITAR A DISCRIMINAÇÃO OU PRECONCEITO DE RAÇA COR ETNIA RELIGIÃO OU PROCEDÊNCIA NACIONAL,Individual ou até 3 pessoas,MASCULINO,,,,,,,,,00-10-2020,NI,,,42,,,NI,,,,,,Individual ou até 3 pessoas,MASCULINO,,,NI,,,55,,,NI,,,,,,,,EM VEICULO
17-03-2022,MATO GROSSO,SINOP,,,PRATICAR INDUZIR OU INCITAR A DISCRIMINAÇÃO OU PRECONCEITO DE RAÇA COR ETNIA RELIGIÃO OU PROCEDÊNCIA NACIONAL,Individual ou até 3 pessoas,MASCULINO,,,,,,,,,00-10-2020,HETEROSSEXUAL,,,15,,,NI,,,,,,Individual ou até 3 pessoas,NAO IDENTIFICADO,,,NI,,,NA,,,NI,,,,,,,,OUTRO
17-03-2022,MATO GROSSO,CUIABA,,,PRATICAR INDUZIR OU INCITAR A DISCRIMINAÇÃO OU PRECONCEITO DE RAÇA COR ETNIA RELIGIÃO OU PROCEDÊNCIA NACIONAL,Individual ou até 3 pessoas,FEMININO,,,,,,,,,00-11-2020,NI,,,49,,,NI,,,,,,Individual ou até 3 pessoas,MASCULINO,,,NI,,,46,,,NI,,,,,,,,RESIDÊNCIA PARTICULAR
17-03-2022,MATO GROSSO,CUIABA,,,PRATICAR INDUZIR OU INCITAR A DISCRIMINAÇÃO OU PRECONCEITO DE RAÇA COR ETNIA RELIGIÃO OU PROCEDÊNCIA NACIONAL,Individual ou até 3 pessoas,FEMININO,,,,,,,,,00-11-2020,NI,,,69,,,BRANCO,,,,,,Individual ou até 3 pessoas,MASCULINO,,,NI,,,45,,,NI,,,,,,,,TRANSPORTE COLETIVO
17-03-2022,MATO GROSSO,POCONE,,,PRATICAR INDUZIR OU INCITAR A DISCRIMINAÇÃO OU PRECONCEITO DE RAÇA COR ETNIA RELIGIÃO OU PROCEDÊNCIA NACIONAL,Individual ou até 3 pessoas,MASCULINO,,,,,,,,,00-11-2020,NI,,,21,,,PRETA,,,,,,Individual ou até 3 pessoas,FEMININO,,,NI,,,24,,,PARDA,,,,,,,,SUPERMERCADOS E MERCADOS
17-03-2022,MATO GROSSO,RONDONOPOLIS,,,PRATICAR INDUZIR OU INCITAR A DISCRIMINAÇÃO OU PRECONCEITO DE RAÇA COR ETNIA RELIGIÃO OU PROCEDÊNCIA NACIONAL,Individual ou até 3 pessoas,FEMININO,,,,,,,,,00-11-2020,NI,,,54,,,BRANCO,,,,,,Individual ou até 3 pessoas,MASCULINO,,,NI,,,60,,,NI,,,,,,,,RESIDÊNCIA PARTICULAR
17-03-2022,MATO GROSSO,VARZEA GRANDE,,,PRATICAR INDUZIR OU INCITAR A DISCRIMINAÇÃO OU PRECONCEITO DE RAÇA COR ETNIA RELIGIÃO OU PROCEDÊNCIA NACIONAL,Individual ou até 3 pessoas,FEMININO,,,,,,,,,00-11-2020,NI,,,15,,,NI,,,,,,Individual ou até 3 pessoas,MASCULINO,,,NI,,,37,,,PARDA,,,,,,,,EM VEICULO
17-03-2022,MATO GROSSO,RONDONOPOLIS,,,PRATICAR INDUZIR OU INCITAR A DISCRIMINAÇÃO OU PRECONCEITO DE RAÇA COR ETNIA RELIGIÃO OU PROCEDÊNCIA NACIONAL,Individual ou até 3 pessoas,FEMININO,,,,,,,,,00-12-2020,NI,,,35,,,NI,,,,,,Individual ou até 3 pessoas,NAO IDENTIFICADO,,,NI,,,NA,,,NI,,,,,,,,HOSPITAL
17-03-2022,MATO GROSSO,RONDONOPOLIS,,,PRATICAR INDUZIR OU INCITAR A DISCRIMINAÇÃO OU PRECONCEITO DE RAÇA COR ETNIA RELIGIÃO OU PROCEDÊNCIA NACIONAL,Individual ou até 3 pessoas,FEMININO,,,,,,,,,00-12-2020,NI,,,26,,,NI,,,,,,Individual ou até 3 pessoas,FEMININO,,,NI,,,33,,,NI,,,,,,,,OUTRO
17-03-2022,MATO GROSSO,CUIABA,,,PRATICAR INDUZIR OU INCITAR A DISCRIMINAÇÃO OU PRECONCEITO DE RAÇA COR ETNIA RELIGIÃO OU PROCEDÊNCIA NACIONAL,Individual ou até 3 pessoas,MASCULINO,,,,,,,,,00-01-2021,NI,,,28,,,NI,,,,,,Individual ou até 3 pessoas,FEMININO,,,NI,,,NA,,,NI,,,,,,,,OUTRO
17-03-2022,MATO GROSSO,CUIABA,,,PRATICAR INDUZIR OU INCITAR A DISCRIMINAÇÃO OU PRECONCEITO DE RAÇA COR ETNIA RELIGIÃO OU PROCEDÊNCIA NACIONAL,Individual ou até 3 pessoas,FEMININO,,,,,,,,,00-01-2021,NI,,,50,,,NI,,,,,,Individual ou até 3 pessoas,NAO IDENTIFICADO,,,NI,,,NA,,,NI,,,,,,,,SHOPPING CENTER
17-03-2022,MATO GROSSO,TANGARA DA SERRA,,,PRATICAR INDUZIR OU INCITAR A DISCRIMINAÇÃO OU PRECONCEITO DE RAÇA COR ETNIA RELIGIÃO OU PROCEDÊNCIA NACIONAL,Individual ou até 3 pessoas,MASCULINO,,,,,,,,,00-01-2021,NI,,,8,,,PARDA,,,,,,Individual ou até 3 pessoas,MASCULINO,,,NI,,,30,,,PARDA,,,,,,,,RESIDÊNCIA PARTICULAR
17-03-2022,MATO GROSSO,CUIABA,,,PRATICAR INDUZIR OU INCITAR A DISCRIMINAÇÃO OU PRECONCEITO DE RAÇA COR ETNIA RELIGIÃO OU PROCEDÊNCIA NACIONAL,Individual ou até 3 pessoas,FEMININO,,,,,,,,,00-02-2021,NI,,,37,,,NI,,,,,,Individual ou até 3 pessoas,FEMININO,,,HETEROSSEXUAL,,,NA,,,BRANCO,,,,,,,,RESIDÊNCIA PARTICULAR
17-03-2022,MATO GROSSO,CUIABA,,,PRATICAR INDUZIR OU INCITAR A DISCRIMINAÇÃO OU PRECONCEITO DE RAÇA COR ETNIA RELIGIÃO OU PROCEDÊNCIA NACIONAL,Individual ou até 3 pessoas,FEMININO,,,,,,,,,00-02-2021,HOMOSSEXUAL,,,40,,,PRETA,,,,,,Individual ou até 3 pessoas,FEMININO,,,HETEROSSEXUAL,,,NA,,,BRANCO,,,,,,,,RESIDÊNCIA PARTICULAR
17-03-2022,MATO GROSSO,CUIABA,,,PRATICAR INDUZIR OU INCITAR A DISCRIMINAÇÃO OU PRECONCEITO DE RAÇA COR ETNIA RELIGIÃO OU PROCEDÊNCIA NACIONAL,Individual ou até 3 pessoas,FEMININO,,,,,,,,,00-02-2021,NI,,,37,,,NI,,,,,,Individual ou até 3 pessoas,MASCULINO,,,NI,,,NA,,,NI,,,,,,,,RESIDÊNCIA PARTICULAR
17-03-2022,MATO GROSSO,CUIABA,,,PRATICAR INDUZIR OU INCITAR A DISCRIMINAÇÃO OU PRECONCEITO DE RAÇA COR ETNIA RELIGIÃO OU PROCEDÊNCIA NACIONAL,Individual ou até 3 pessoas,FEMININO,,,,,,,,,00-02-2021,HOMOSSEXUAL,,,40,,,PRETA,,,,,,Individual ou até 3 pessoas,MASCULINO,,,NI,,,NA,,,NI,,,,,,,,RESIDÊNCIA PARTICULAR
17-03-2022,MATO GROSSO,CUIABA,,,PRATICAR INDUZIR OU INCITAR A DISCRIMINAÇÃO OU PRECONCEITO DE RAÇA COR ETNIA RELIGIÃO OU PROCEDÊNCIA NACIONAL,Individual ou até 3 pessoas,FEMININO,,,,,,,,,00-02-2021,NI,,,37,,,NI,,,,,,Individual ou até 3 pessoas,FEMININO,,,HETEROSSEXUAL,,,29,,,PARDA,,,,,,,,RESIDÊNCIA PARTICULAR
17-03-2022,MATO GROSSO,CUIABA,,,PRATICAR INDUZIR OU INCITAR A DISCRIMINAÇÃO OU PRECONCEITO DE RAÇA COR ETNIA RELIGIÃO OU PROCEDÊNCIA NACIONAL,Individual ou até 3 pessoas,FEMININO,,,,,,,,,00-02-2021,HOMOSSEXUAL,,,40,,,PRETA,,,,,,Individual ou até 3 pessoas,FEMININO,,,HETEROSSEXUAL,,,29,,,PARDA,,,,,,,,RESIDÊNCIA PARTICULAR
17-03-2022,MATO GROSSO,RONDONOPOLIS,,,PRATICAR INDUZIR OU INCITAR A DISCRIMINAÇÃO OU PRECONCEITO DE RAÇA COR ETNIA RELIGIÃO OU PROCEDÊNCIA NACIONAL,Individual ou até 3 pessoas,MASCULINO,,,,,,,,,00-02-2021,NI,,,40,,,BRANCO,,,,,,Individual ou até 3 pessoas,MASCULINO,,,NI,,,31,,,BRANCO,,,,,,,,OUTRO
17-03-2022,MATO GROSSO,RONDONOPOLIS,,,PRATICAR INDUZIR OU INCITAR A DISCRIMINAÇÃO OU PRECONCEITO DE RAÇA COR ETNIA RELIGIÃO OU PROCEDÊNCIA NACIONAL,Individual ou até 3 pessoas,MASCULINO,,,,,,,,,00-02-2021,NI,,,10,,,BRANCO,,,,,,Individual ou até 3 pessoas,MASCULINO,,,NI,,,31,,,BRANCO,,,,,,,,OUTRO
17-03-2022,MATO GROSSO,RONDONOPOLIS,,,PRATICAR INDUZIR OU INCITAR A DISCRIMINAÇÃO OU PRECONCEITO DE RAÇA COR ETNIA RELIGIÃO OU PROCEDÊNCIA NACIONAL,Individual ou até 3 pessoas,FEMININO,,,,,,,,,00-02-2021,NI,,,7,,,NI,,,,,,Individual ou até 3 pessoas,MASCULINO,,,NI,,,31,,,BRANCO,,,,,,,,OUTRO
17-03-2022,MATO GROSSO,RONDONOPOLIS,,,PRATICAR INDUZIR OU INCITAR A DISCRIMINAÇÃO OU PRECONCEITO DE RAÇA COR ETNIA RELIGIÃO OU PROCEDÊNCIA NACIONAL,Individual ou até 3 pessoas,MASCULINO,,,,,,,,,00-02-2021,NI,,,5,,,PARDA,,,,,,Individual ou até 3 pessoas,MASCULINO,,,NI,,,31,,,BRANCO,,,,,,,,OUTRO
17-03-2022,MATO GROSSO,RONDONOPOLIS,,,PRATICAR INDUZIR OU INCITAR A DISCRIMINAÇÃO OU PRECONCEITO DE RAÇA COR ETNIA RELIGIÃO OU PROCEDÊNCIA NACIONAL,Individual ou até 3 pessoas,FEMININO,,,,,,,,,00-02-2021,NI,,,37,,,PARDA,,,,,,Individual ou até 3 pessoas,MASCULINO,,,NI,,,31,,,BRANCO,,,,,,,,OUTRO
17-03-2022,MATO GROSSO,TANGARA DA SERRA,,,PRATICAR INDUZIR OU INCITAR A DISCRIMINAÇÃO OU PRECONCEITO DE RAÇA COR ETNIA RELIGIÃO OU PROCEDÊNCIA NACIONAL,Individual ou até 3 pessoas,MASCULINO,,,,,,,,,00-02-2021,NI,,,44,,,NI,,,,,,Individual ou até 3 pessoas,NAO IDENTIFICADO,,,NI,,,NA,,,NI,,,,,,,,RODOVIÁRIA
17-03-2022,MATO GROSSO,NOVA MUTUM,,,PRATICAR INDUZIR OU INCITAR A DISCRIMINAÇÃO OU PRECONCEITO DE RAÇA COR ETNIA RELIGIÃO OU PROCEDÊNCIA NACIONAL,Individual ou até 3 pessoas,FEMININO,,,,,,,,,00-04-2021,HETEROSSEXUAL,,,27,,,PRETA,,,,,,Individual ou até 3 pessoas,FEMININO,,,NI,,,NA,,,BRANCO,,,,,,,,CASA COMERCIAL
17-03-2022,MATO GROSSO,CUIABA,,,PRATICAR INDUZIR OU INCITAR A DISCRIMINAÇÃO OU PRECONCEITO DE RAÇA COR ETNIA RELIGIÃO OU PROCEDÊNCIA NACIONAL,Individual ou até 3 pessoas,FEMININO,,,,,,,,,00-05-2021,NI,,,20,,,NI,,,,,,Individual ou até 3 pessoas,MASCULINO,,,NI,,,NA,,,NI,,,,,,,,INTERNET
17-03-2022,MATO GROSSO,CUIABA,,,PRATICAR INDUZIR OU INCITAR A DISCRIMINAÇÃO OU PRECONCEITO DE RAÇA COR ETNIA RELIGIÃO OU PROCEDÊNCIA NACIONAL,Individual ou até 3 pessoas,FEMININO,,,,,,,,,00-05-2021,NI,,,35,,,NI,,,,,,Individual ou até 3 pessoas,MASCULINO,,,NI,,,NA,,,NI,,,,,,,,INTERNET
17-03-2022,MATO GROSSO,CUIABA,,,PRATICAR INDUZIR OU INCITAR A DISCRIMINAÇÃO OU PRECONCEITO DE RAÇA COR ETNIA RELIGIÃO OU PROCEDÊNCIA NACIONAL,Individual ou até 3 pessoas,FEMININO,,,,,,,,,00-05-2021,NI,,,20,,,NI,,,,,,Individual ou até 3 pessoas,MASCULINO,,,HETEROSSEXUAL,,,28,,,PARDA,,,,,,,,INTERNET
17-03-2022,MATO GROSSO,CUIABA,,,PRATICAR INDUZIR OU INCITAR A DISCRIMINAÇÃO OU PRECONCEITO DE RAÇA COR ETNIA RELIGIÃO OU PROCEDÊNCIA NACIONAL,Individual ou até 3 pessoas,FEMININO,,,,,,,,,00-05-2021,NI,,,35,,,NI,,,,,,Individual ou até 3 pessoas,MASCULINO,,,HETEROSSEXUAL,,,28,,,PARDA,,,,,,,,INTERNET
17-03-2022,MATO GROSSO,CUIABA,,,PRATICAR INDUZIR OU INCITAR A DISCRIMINAÇÃO OU PRECONCEITO DE RAÇA COR ETNIA RELIGIÃO OU PROCEDÊNCIA NACIONAL,Individual ou até 3 pessoas,MASCULINO,,,,,,,,,00-05-2021,NI,,,43,,,NI,,,,,,Individual ou até 3 pessoas,FEMININO,,,NI,,,NA,,,BRANCO,,,,,,,,VIA PÚBLICA
17-03-2022,MATO GROSSO,JACIARA,,,PRATICAR INDUZIR OU INCITAR A DISCRIMINAÇÃO OU PRECONCEITO DE RAÇA COR ETNIA RELIGIÃO OU PROCEDÊNCIA NACIONAL,Individual ou até 3 pessoas,MASCULINO,,,,,,,,,00-05-2021,NI,,,26,,,PARDA,,,,,,Individual ou até 3 pessoas,FEMININO,,,NI,,,42,,,PARDA,,,,,,,,RESIDÊNCIA PARTICULAR
17-03-2022,MATO GROSSO,CUIABA,,,PRATICAR INDUZIR OU INCITAR A DISCRIMINAÇÃO OU PRECONCEITO DE RAÇA COR ETNIA RELIGIÃO OU PROCEDÊNCIA NACIONAL,Individual ou até 3 pessoas,MASCULINO,,,,,,,,,00-06-2021,NI,,,32,,,NI,,,,,,Individual ou até 3 pessoas,FEMININO,,,NI,,,NA,,,NI,,,,,,,,CONDOMÍNIO
17-03-2022,MATO GROSSO,CUIABA,,,PRATICAR INDUZIR OU INCITAR A DISCRIMINAÇÃO OU PRECONCEITO DE RAÇA COR ETNIA RELIGIÃO OU PROCEDÊNCIA NACIONAL,Individual ou até 3 pessoas,MASCULINO,,,,,,,,,00-06-2021,NI,,,69,,,NI,,,,,,Individual ou até 3 pessoas,MASCULINO,,,NI,,,35,,,NI,,,,,,,,OUTRO
17-03-2022,MATO GROSSO,CUIABA,,,PRATICAR INDUZIR OU INCITAR A DISCRIMINAÇÃO OU PRECONCEITO DE RAÇA COR ETNIA RELIGIÃO OU PROCEDÊNCIA NACIONAL,Individual ou até 3 pessoas,MASCULINO,,,,,,,,,00-06-2021,NI,,,21,,,PARDA,,,,,,Individual ou até 3 pessoas,MASCULINO,,,NI,,,35,,,NI,,,,,,,,OUTRO
17-03-2022,MATO GROSSO,CUIABA,,,PRATICAR INDUZIR OU INCITAR A DISCRIMINAÇÃO OU PRECONCEITO DE RAÇA COR ETNIA RELIGIÃO OU PROCEDÊNCIA NACIONAL,Individual ou até 3 pessoas,MASCULINO,,,,,,,,,00-06-2021,NI,,,69,,,NI,,,,,,Individual ou até 3 pessoas,NAO IDENTIFICADO,,,NI,,,NA,,,NI,,,,,,,,OUTRO
17-03-2022,MATO GROSSO,CUIABA,,,PRATICAR INDUZIR OU INCITAR A DISCRIMINAÇÃO OU PRECONCEITO DE RAÇA COR ETNIA RELIGIÃO OU PROCEDÊNCIA NACIONAL,Individual ou até 3 pessoas,MASCULINO,,,,,,,,,00-06-2021,NI,,,21,,,PARDA,,,,,,Individual ou até 3 pessoas,NAO IDENTIFICADO,,,NI,,,NA,,,NI,,,,,,,,OUTRO
17-03-2022,MATO GROSSO,CUIABA,,,PRATICAR INDUZIR OU INCITAR A DISCRIMINAÇÃO OU PRECONCEITO DE RAÇA COR ETNIA RELIGIÃO OU PROCEDÊNCIA NACIONAL,Individual ou até 3 pessoas,FEMININO,,,,,,,,,00-06-2021,NI,,,70,,,NI,,,,,,Individual ou até 3 pessoas,MASCULINO,,,NI,,,NA,,,NI,,,,,,,,RESIDÊNCIA PARTICULAR
17-03-2022,MATO GROSSO,CUIABA,,,PRATICAR INDUZIR OU INCITAR A DISCRIMINAÇÃO OU PRECONCEITO DE RAÇA COR ETNIA RELIGIÃO OU PROCEDÊNCIA NACIONAL,Individual ou até 3 pessoas,MASCULINO,,,,,,,,,00-06-2021,NI,,,24,,,NI,,,,,,Individual ou até 3 pessoas,NAO IDENTIFICADO,,,NI,,,NA,,,NI,,,,,,,,VIA PÚBLICA
17-03-2022,MATO GROSSO,PONTES E LACERDA,,,PRATICAR INDUZIR OU INCITAR A DISCRIMINAÇÃO OU PRECONCEITO DE RAÇA COR ETNIA RELIGIÃO OU PROCEDÊNCIA NACIONAL,Individual ou até 3 pessoas,MASCULINO,,,,,,,,,00-06-2021,HOMOSSEXUAL,,,18,,,PARDA,,,,,,Individual ou até 3 pessoas,FEMININO,,,NI,,,39,,,NI,,,,,,,,RESIDÊNCIA PARTICULAR
17-03-2022,MATO GROSSO,VARZEA GRANDE,,,PRATICAR INDUZIR OU INCITAR A DISCRIMINAÇÃO OU PRECONCEITO DE RAÇA COR ETNIA RELIGIÃO OU PROCEDÊNCIA NACIONAL,Individual ou até 3 pessoas,MASCULINO,,,,,,,,,00-06-2021,NI,,,70,,,NI,,,,,,Individual ou até 3 pessoas,NAO IDENTIFICADO,,,NI,,,NA,,,NI,,,,,,,,OUTRO
17-03-2022,MATO GROSSO,CUIABA,,,PRATICAR INDUZIR OU INCITAR A DISCRIMINAÇÃO OU PRECONCEITO DE RAÇA COR ETNIA RELIGIÃO OU PROCEDÊNCIA NACIONAL,Individual ou até 3 pessoas,FEMININO,,,,,,,,,00-07-2021,NI,,,73,,,NI,,,,,,Individual ou até 3 pessoas,MASCULINO,,,NI,,,NA,,,NI,,,,,,,,OUTRO
17-03-2022,MATO GROSSO,CUIABA,,,PRATICAR INDUZIR OU INCITAR A DISCRIMINAÇÃO OU PRECONCEITO DE RAÇA COR ETNIA RELIGIÃO OU PROCEDÊNCIA NACIONAL,Individual ou até 3 pessoas,FEMININO,,,,,,,,,00-07-2021,NI,,,27,,,NI,,,,,,Individual ou até 3 pessoas,MASCULINO,,,NI,,,NA,,,NI,,,,,,,,OUTRO
17-03-2022,MATO GROSSO,CUIABA,,,PRATICAR INDUZIR OU INCITAR A DISCRIMINAÇÃO OU PRECONCEITO DE RAÇA COR ETNIA RELIGIÃO OU PROCEDÊNCIA NACIONAL,Individual ou até 3 pessoas,FEMININO,,,,,,,,,00-07-2021,NI,,,32,,,NI,,,,,,Individual ou até 3 pessoas,MASCULINO,,,NI,,,NA,,,NI,,,,,,,,OUTRO
17-03-2022,MATO GROSSO,CUIABA,,,PRATICAR INDUZIR OU INCITAR A DISCRIMINAÇÃO OU PRECONCEITO DE RAÇA COR ETNIA RELIGIÃO OU PROCEDÊNCIA NACIONAL,Individual ou até 3 pessoas,MASCULINO,,,,,,,,,00-07-2021,NI,,,48,,,NI,,,,,,Individual ou até 3 pessoas,MASCULINO,,,NI,,,NA,,,NI,,,,,,,,OUTRO
17-03-2022,MATO GROSSO,CUIABA,,,PRATICAR INDUZIR OU INCITAR A DISCRIMINAÇÃO OU PRECONCEITO DE RAÇA COR ETNIA RELIGIÃO OU PROCEDÊNCIA NACIONAL,Individual ou até 3 pessoas,FEMININO,,,,,,,,,00-07-2021,NI,,,54,,,NI,,,,,,Individual ou até 3 pessoas,MASCULINO,,,NI,,,72,,,NI,,,,,,,,RESIDÊNCIA PARTICULAR
17-03-2022,MATO GROSSO,NOVA MUTUM,,,PRATICAR INDUZIR OU INCITAR A DISCRIMINAÇÃO OU PRECONCEITO DE RAÇA COR ETNIA RELIGIÃO OU PROCEDÊNCIA NACIONAL,Individual ou até 3 pessoas,FEMININO,,,,,,,,,00-07-2021,HETEROSSEXUAL,,,22,,,PRETA,,,,,,Individual ou até 3 pessoas,MASCULINO,,,HETEROSSEXUAL,,,25,,,PRETA,,,,,,,,VIA PÚBLICA
17-03-2022,MATO GROSSO,SORRISO,,,PRATICAR INDUZIR OU INCITAR A DISCRIMINAÇÃO OU PRECONCEITO DE RAÇA COR ETNIA RELIGIÃO OU PROCEDÊNCIA NACIONAL,Individual ou até 3 pessoas,MASCULINO,,,,,,,,,00-07-2021,NI,,,23,,,NI,,,,,,Individual ou até 3 pessoas,NAO IDENTIFICADO,,,NI,,,NA,,,NI,,,,,,,,OUTRO
17-03-2022,MATO GROSSO,VARZEA GRANDE,,,PRATICAR INDUZIR OU INCITAR A DISCRIMINAÇÃO OU PRECONCEITO DE RAÇA COR ETNIA RELIGIÃO OU PROCEDÊNCIA NACIONAL,Individual ou até 3 pessoas,MASCULINO,,,,,,,,,00-07-2021,NI,,,62,,,NI,,,,,,Individual ou até 3 pessoas,NAO IDENTIFICADO,,,NI,,,NA,,,NI,,,,,,,,EDIFICIO PUBLICO E DEPENDENCIAS
17-03-2022,MATO GROSSO,CUIABA,,,PRATICAR INDUZIR OU INCITAR A DISCRIMINAÇÃO OU PRECONCEITO DE RAÇA COR ETNIA RELIGIÃO OU PROCEDÊNCIA NACIONAL,Individual ou até 3 pessoas,MASCULINO,,,,,,,,,00-08-2021,NI,,,36,,,NI,,,,,,Individual ou até 3 pessoas,FEMININO,,,NI,,,NA,,,PARDA,,,,,,,,EM BANCO
17-03-2022,MATO GROSSO,PEIXOTO DE AZEVEDO,,,PRATICAR INDUZIR OU INCITAR A DISCRIMINAÇÃO OU PRECONCEITO DE RAÇA COR ETNIA RELIGIÃO OU PROCEDÊNCIA NACIONAL,Individual ou até 3 pessoas,MASCULINO,,,,,,,,,00-08-2021,NI,,,33,,,NI,,,,,,Individual ou até 3 pessoas,NAO IDENTIFICADO,,,NI,,,NA,,,NI,,,,,,,,OUTRO
17-03-2022,MATO GROSSO,ALTA FLORESTA,,,PRATICAR INDUZIR OU INCITAR A DISCRIMINAÇÃO OU PRECONCEITO DE RAÇA COR ETNIA RELIGIÃO OU PROCEDÊNCIA NACIONAL,Individual ou até 3 pessoas,MASCULINO,,,,,,,,,00-09-2021,NI,,,31,,,NI,,,,,,Individual ou até 3 pessoas,MASCULINO,,,NI,,,NA,,,NI,,,,,,,,POSTO DE GASOLINA
17-03-2022,MATO GROSSO,CUIABA,,,PRATICAR INDUZIR OU INCITAR A DISCRIMINAÇÃO OU PRECONCEITO DE RAÇA COR ETNIA RELIGIÃO OU PROCEDÊNCIA NACIONAL,Individual ou até 3 pessoas,FEMININO,,,,,,,,,00-09-2021,NI,,,20,,,NI,,,,,,Individual ou até 3 pessoas,NAO IDENTIFICADO,,,NI,,,NA,,,NI,,,,,,,,OUTRO
17-03-2022,MATO GROSSO,CUIABA,,,PRATICAR INDUZIR OU INCITAR A DISCRIMINAÇÃO OU PRECONCEITO DE RAÇA COR ETNIA RELIGIÃO OU PROCEDÊNCIA NACIONAL,Individual ou até 3 pessoas,MASCULINO,,,,,,,,,00-09-2021,NI,,,38,,,NI,,,,,,Individual ou até 3 pessoas,NAO IDENTIFICADO,,,NI,,,NA,,,NI,,,,,,,,OUTRO
17-03-2022,MATO GROSSO,CUIABA,,,PRATICAR INDUZIR OU INCITAR A DISCRIMINAÇÃO OU PRECONCEITO DE RAÇA COR ETNIA RELIGIÃO OU PROCEDÊNCIA NACIONAL,Individual ou até 3 pessoas,FEMININO,,,,,,,,,00-09-2021,NI,,,20,,,NI,,,,,,Individual ou até 3 pessoas,MASCULINO,,,NI,,,29,,,NI,,,,,,,,OUTRO
17-03-2022,MATO GROSSO,CUIABA,,,PRATICAR INDUZIR OU INCITAR A DISCRIMINAÇÃO OU PRECONCEITO DE RAÇA COR ETNIA RELIGIÃO OU PROCEDÊNCIA NACIONAL,Individual ou até 3 pessoas,MASCULINO,,,,,,,,,00-09-2021,NI,,,38,,,NI,,,,,,Individual ou até 3 pessoas,MASCULINO,,,NI,,,29,,,NI,,,,,,,,OUTRO
17-03-2022,MATO GROSSO,NOVA CANAA DO NORTE,,,PRATICAR INDUZIR OU INCITAR A DISCRIMINAÇÃO OU PRECONCEITO DE RAÇA COR ETNIA RELIGIÃO OU PROCEDÊNCIA NACIONAL,Individual ou até 3 pessoas,MASCULINO,,,,,,,,,00-09-2021,NI,,,20,,,PARDA,,,,,,Individual ou até 3 pessoas,NAO IDENTIFICADO,,,NI,,,NA,,,NI,,,,,,,,VIA PÚBLICA
17-03-2022,MATO GROSSO,POCONE,,,PRATICAR INDUZIR OU INCITAR A DISCRIMINAÇÃO OU PRECONCEITO DE RAÇA COR ETNIA RELIGIÃO OU PROCEDÊNCIA NACIONAL,Individual ou até 3 pessoas,MASCULINO,,,,,,,,,00-09-2021,NI,,,45,,,NI,,,,,,Individual ou até 3 pessoas,MASCULINO,,,NI,,,24,,,NI,,,,,,,,RESIDÊNCIA PARTICULAR
17-03-2022,MATO GROSSO,PONTES E LACERDA,,,PRATICAR INDUZIR OU INCITAR A DISCRIMINAÇÃO OU PRECONCEITO DE RAÇA COR ETNIA RELIGIÃO OU PROCEDÊNCIA NACIONAL,Individual ou até 3 pessoas,FEMININO,,,,,,,,,00-09-2021,NI,,,45,,,PRETA,,,,,,Individual ou até 3 pessoas,FEMININO,,,NI,,,29,,,PARDA,,,,,,,,RESIDÊNCIA PARTICULAR
17-03-2022,MATO GROSSO,PONTES E LACERDA,,,PRATICAR INDUZIR OU INCITAR A DISCRIMINAÇÃO OU PRECONCEITO DE RAÇA COR ETNIA RELIGIÃO OU PROCEDÊNCIA NACIONAL,Individual ou até 3 pessoas,MASCULINO,,,,,,,,,00-09-2021,NI,,,42,,,PRETA,,,,,,Individual ou até 3 pessoas,FEMININO,,,NI,,,29,,,PARDA,,,,,,,,RESIDÊNCIA PARTICULAR
17-03-2022,MATO GROSSO,PONTES E LACERDA,,,PRATICAR INDUZIR OU INCITAR A DISCRIMINAÇÃO OU PRECONCEITO DE RAÇA COR ETNIA RELIGIÃO OU PROCEDÊNCIA NACIONAL,Individual ou até 3 pessoas,FEMININO,,,,,,,,,00-09-2021,NI,,,45,,,PRETA,,,,,,Individual ou até 3 pessoas,FEMININO,,,NI,,,54,,,NI,,,,,,,,RESIDÊNCIA PARTICULAR
17-03-2022,MATO GROSSO,PONTES E LACERDA,,,PRATICAR INDUZIR OU INCITAR A DISCRIMINAÇÃO OU PRECONCEITO DE RAÇA COR ETNIA RELIGIÃO OU PROCEDÊNCIA NACIONAL,Individual ou até 3 pessoas,MASCULINO,,,,,,,,,00-09-2021,NI,,,42,,,PRETA,,,,,,Individual ou até 3 pessoas,FEMININO,,,NI,,,54,,,NI,,,,,,,,RESIDÊNCIA PARTICULAR
17-03-2022,MATO GROSSO,PONTES E LACERDA,,,PRATICAR INDUZIR OU INCITAR A DISCRIMINAÇÃO OU PRECONCEITO DE RAÇA COR ETNIA RELIGIÃO OU PROCEDÊNCIA NACIONAL,Individual ou até 3 pessoas,FEMININO,,,,,,,,,00-09-2021,NI,,,45,,,PRETA,,,,,,Individual ou até 3 pessoas,FEMININO,,,NI,,,NA,,,PARDA,,,,,,,,RESIDÊNCIA PARTICULAR
17-03-2022,MATO GROSSO,PONTES E LACERDA,,,PRATICAR INDUZIR OU INCITAR A DISCRIMINAÇÃO OU PRECONCEITO DE RAÇA COR ETNIA RELIGIÃO OU PROCEDÊNCIA NACIONAL,Individual ou até 3 pessoas,MASCULINO,,,,,,,,,00-09-2021,NI,,,42,,,PRETA,,,,,,Individual ou até 3 pessoas,FEMININO,,,NI,,,NA,,,PARDA,,,,,,,,RESIDÊNCIA PARTICULAR
17-03-2022,MATO GROSSO,VARZEA GRANDE,,,PRATICAR INDUZIR OU INCITAR A DISCRIMINAÇÃO OU PRECONCEITO DE RAÇA COR ETNIA RELIGIÃO OU PROCEDÊNCIA NACIONAL,Individual ou até 3 pessoas,MASCULINO,,,,,,,,,00-09-2021,NI,,,49,,,NI,,,,,,Individual ou até 3 pessoas,NAO IDENTIFICADO,,,NI,,,NA,,,NI,,,,,,,,VIA PÚBLICA
17-03-2022,MATO GROSSO,CUIABA,,,PRATICAR INDUZIR OU INCITAR A DISCRIMINAÇÃO OU PRECONCEITO DE RAÇA COR ETNIA RELIGIÃO OU PROCEDÊNCIA NACIONAL,Individual ou até 3 pessoas,MASCULINO,,,,,,,,,00-10-2021,NI,,,27,,,NI,,,,,,Individual ou até 3 pessoas,NAO IDENTIFICADO,,,NI,,,NA,,,NI,,,,,,,,OUTRO
17-03-2022,MATO GROSSO,CUIABA,,,PRATICAR INDUZIR OU INCITAR A DISCRIMINAÇÃO OU PRECONCEITO DE RAÇA COR ETNIA RELIGIÃO OU PROCEDÊNCIA NACIONAL,Individual ou até 3 pessoas,FEMININO,,,,,,,,,00-10-2021,NI,,,72,,,PARDA,,,,,,Individual ou até 3 pessoas,NAO IDENTIFICADO,,,NI,,,NA,,,PARDA,,,,,,,,RESIDÊNCIA PARTICULAR
17-03-2022,MATO GROSSO,NOVA XAVANTINA,,,PRATICAR INDUZIR OU INCITAR A DISCRIMINAÇÃO OU PRECONCEITO DE RAÇA COR ETNIA RELIGIÃO OU PROCEDÊNCIA NACIONAL,Individual ou até 3 pessoas,FEMININO,,,,,,,,,00-10-2021,HETEROSSEXUAL,,,32,,,PARDA,,,,,,Individual ou até 3 pessoas,FEMININO,,,NI,,,31,,,NI,,,,,,,,CASA COMERCIAL
17-03-2022,MATO GROSSO,VARZEA GRANDE,,,PRATICAR INDUZIR OU INCITAR A DISCRIMINAÇÃO OU PRECONCEITO DE RAÇA COR ETNIA RELIGIÃO OU PROCEDÊNCIA NACIONAL,Individual ou até 3 pessoas,MASCULINO,,,,,,,,,00-10-2021,NI,,,37,,,NI,,,,,,Individual ou até 3 pessoas,FEMININO,,,NI,,,NA,,,NI,,,,,,,,VIA PÚBLICA
17-03-2022,MATO GROSSO,CUIABA,,,PRATICAR INDUZIR OU INCITAR A DISCRIMINAÇÃO OU PRECONCEITO DE RAÇA COR ETNIA RELIGIÃO OU PROCEDÊNCIA NACIONAL,Individual ou até 3 pessoas,NAO IDENTIFICADO,,,,,,,,,00-11-2021,NI,,,NA,,,NI,,,,,,Individual ou até 3 pessoas,MASCULINO,,,NI,,,27,,,NI,,,,,,,,IGREJA
17-03-2022,MATO GROSSO,CUIABA,,,PRATICAR INDUZIR OU INCITAR A DISCRIMINAÇÃO OU PRECONCEITO DE RAÇA COR ETNIA RELIGIÃO OU PROCEDÊNCIA NACIONAL,Individual ou até 3 pessoas,MASCULINO,,,,,,,,,00-11-2021,NI,,,43,,,NI,,,,,,Individual ou até 3 pessoas,MASCULINO,,,NI,,,27,,,NI,,,,,,,,IGREJA
17-03-2022,MATO GROSSO,CUIABA,,,PRATICAR INDUZIR OU INCITAR A DISCRIMINAÇÃO OU PRECONCEITO DE RAÇA COR ETNIA RELIGIÃO OU PROCEDÊNCIA NACIONAL,Individual ou até 3 pessoas,MASCULINO,,,,,,,,,00-12-2021,NI,,,21,,,NI,,,,,,Individual ou até 3 pessoas,FEMININO,,,NI,,,NA,,,NI,,,,,,,,INTERNET
17-03-2022,MATO GROSSO,"MIRASSOL D\OESTE""",,,SERÃO PUNIDOS NA FORMA DESTA LEI OS CRIMES RESULTANTES DE DISCRIMINAÇÃO OU PRECONCEITO DE RAÇA COR ETNIA RELIGIÃO OU PROCEDÊNCIA NACIONAL,Individual ou até 3 pessoas,MASCULINO,,,,,,,,,00-01-2019,NI,,,9,,,PARDA,,,,,,Individual ou até 3 pessoas,FEMININO,,,NI,,,30,,,NI,,,,,,,,RESIDÊNCIA PARTICULAR
17-03-2022,MATO GROSSO,"MIRASSOL D\OESTE""",,,SERÃO PUNIDOS NA FORMA DESTA LEI OS CRIMES RESULTANTES DE DISCRIMINAÇÃO OU PRECONCEITO DE RAÇA COR ETNIA RELIGIÃO OU PROCEDÊNCIA NACIONAL,Individual ou até 3 pessoas,FEMININO,,,,,,,,,00-01-2019,NI,,,34,,,PRETA,,,,,,Individual ou até 3 pessoas,FEMININO,,,NI,,,30,,,NI,,,,,,,,RESIDÊNCIA PARTICULAR
17-03-2022,MATO GROSSO,CUIABA,,,SERÃO PUNIDOS NA FORMA DESTA LEI OS CRIMES RESULTANTES DE DISCRIMINAÇÃO OU PRECONCEITO DE RAÇA COR ETNIA RELIGIÃO OU PROCEDÊNCIA NACIONAL,Individual ou até 3 pessoas,MASCULINO,,,,,,,,,00-02-2019,NI,,,48,,,NI,,,,,,Individual ou até 3 pessoas,MASCULINO,,,NI,,,56,,,NI,,,,,,,,RESIDÊNCIA PARTICULAR
17-03-2022,MATO GROSSO,CUIABA,,,SERÃO PUNIDOS NA FORMA DESTA LEI OS CRIMES RESULTANTES DE DISCRIMINAÇÃO OU PRECONCEITO DE RAÇA COR ETNIA RELIGIÃO OU PROCEDÊNCIA NACIONAL,Individual ou até 3 pessoas,MASCULINO,,,,,,,,,00-03-2019,NI,,,48,,,PARDA,,,,,,Individual ou até 3 pessoas,MASCULINO,,,NI,,,49,,,NI,,,,,,,,CASA COMERCIAL
17-03-2022,MATO GROSSO,CUIABA,,,SERÃO PUNIDOS NA FORMA DESTA LEI OS CRIMES RESULTANTES DE DISCRIMINAÇÃO OU PRECONCEITO DE RAÇA COR ETNIA RELIGIÃO OU PROCEDÊNCIA NACIONAL,Individual ou até 3 pessoas,MASCULINO,,,,,,,,,00-03-2019,NI,,,48,,,PARDA,,,,,,Individual ou até 3 pessoas,MASCULINO,,,NI,,,38,,,NI,,,,,,,,CASA COMERCIAL
17-03-2022,MATO GROSSO,CUIABA,,,SERÃO PUNIDOS NA FORMA DESTA LEI OS CRIMES RESULTANTES DE DISCRIMINAÇÃO OU PRECONCEITO DE RAÇA COR ETNIA RELIGIÃO OU PROCEDÊNCIA NACIONAL,Individual ou até 3 pessoas,MASCULINO,,,,,,,,,00-04-2019,NI,,,21,,,PARDA,,,,,,Individual ou até 3 pessoas,FEMININO,,,NI,,,21,,,NI,,,,,,,,RESIDÊNCIA PARTICULAR
17-03-2022,MATO GROSSO,ALTA FLORESTA,,,SERÃO PUNIDOS NA FORMA DESTA LEI OS CRIMES RESULTANTES DE DISCRIMINAÇÃO OU PRECONCEITO DE RAÇA COR ETNIA RELIGIÃO OU PROCEDÊNCIA NACIONAL,Individual ou até 3 pessoas,FEMININO,,,,,,,,,00-05-2019,NI,,,17,,,NI,,,,,,Individual ou até 3 pessoas,FEMININO,,,NI,,,52,,,NI,,,,,,,,RESIDÊNCIA PARTICULAR
17-03-2022,MATO GROSSO,ALTA FLORESTA,,,SERÃO PUNIDOS NA FORMA DESTA LEI OS CRIMES RESULTANTES DE DISCRIMINAÇÃO OU PRECONCEITO DE RAÇA COR ETNIA RELIGIÃO OU PROCEDÊNCIA NACIONAL,Individual ou até 3 pessoas,FEMININO,,,,,,,,,00-05-2019,NI,,,17,,,NI,,,,,,Individual ou até 3 pessoas,NAO IDENTIFICADO,,,NI,,,NA,,,NI,,,,,,,,RESIDÊNCIA PARTICULAR
17-03-2022,MATO GROSSO,CUIABA,,,SERÃO PUNIDOS NA FORMA DESTA LEI OS CRIMES RESULTANTES DE DISCRIMINAÇÃO OU PRECONCEITO DE RAÇA COR ETNIA RELIGIÃO OU PROCEDÊNCIA NACIONAL,Individual ou até 3 pessoas,FEMININO,,,,,,,,,00-05-2019,NI,,,39,,,PARDA,,,,,,Individual ou até 3 pessoas,MASCULINO,,,NI,,,42,,,NI,,,,,,,,OUTRO
17-03-2022,MATO GROSSO,CUIABA,,,SERÃO PUNIDOS NA FORMA DESTA LEI OS CRIMES RESULTANTES DE DISCRIMINAÇÃO OU PRECONCEITO DE RAÇA COR ETNIA RELIGIÃO OU PROCEDÊNCIA NACIONAL,Individual ou até 3 pessoas,MASCULINO,,,,,,,,,00-06-2019,NI,,,21,,,NI,,,,,,Individual ou até 3 pessoas,NAO IDENTIFICADO,,,NI,,,NA,,,NI,,,,,,,,CASA COMERCIAL
17-03-2022,MATO GROSSO,SORRISO,,,SERÃO PUNIDOS NA FORMA DESTA LEI OS CRIMES RESULTANTES DE DISCRIMINAÇÃO OU PRECONCEITO DE RAÇA COR ETNIA RELIGIÃO OU PROCEDÊNCIA NACIONAL,Individual ou até 3 pessoas,MASCULINO,,,,,,,,,00-07-2019,NI,,,42,,,NI,,,,,,Individual ou até 3 pessoas,MASCULINO,,,NI,,,61,,,NI,,,,,,,,PROPRIEDADE RURAL
17-03-2022,MATO GROSSO,CUIABA,,,SERÃO PUNIDOS NA FORMA DESTA LEI OS CRIMES RESULTANTES DE DISCRIMINAÇÃO OU PRECONCEITO DE RAÇA COR ETNIA RELIGIÃO OU PROCEDÊNCIA NACIONAL,Individual ou até 3 pessoas,FEMININO,,,,,,,,,00-08-2019,NI,,,36,,,PARDA,,,,,,Individual ou até 3 pessoas,FEMININO,,,NI,,,54,,,NI,,,,,,,,CASA COMERCIAL
17-03-2022,MATO GROSSO,CUIABA,,,SERÃO PUNIDOS NA FORMA DESTA LEI OS CRIMES RESULTANTES DE DISCRIMINAÇÃO OU PRECONCEITO DE RAÇA COR ETNIA RELIGIÃO OU PROCEDÊNCIA NACIONAL,Individual ou até 3 pessoas,FEMININO,,,,,,,,,00-08-2019,NI,,,42,,,PARDA,,,,,,Individual ou até 3 pessoas,MASCULINO,,,NI,,,40,,,NI,,,,,,,,CONDOMÍNIO
17-03-2022,MATO GROSSO,CUIABA,,,SERÃO PUNIDOS NA FORMA DESTA LEI OS CRIMES RESULTANTES DE DISCRIMINAÇÃO OU PRECONCEITO DE RAÇA COR ETNIA RELIGIÃO OU PROCEDÊNCIA NACIONAL,Individual ou até 3 pessoas,FEMININO,,,,,,,,,00-08-2019,NI,,,18,,,PARDA,,,,,,Individual ou até 3 pessoas,FEMININO,,,NI,,,40,,,NI,,,,,,,,ESCOLA PUBLICA
17-03-2022,MATO GROSSO,CUIABA,,,SERÃO PUNIDOS NA FORMA DESTA LEI OS CRIMES RESULTANTES DE DISCRIMINAÇÃO OU PRECONCEITO DE RAÇA COR ETNIA RELIGIÃO OU PROCEDÊNCIA NACIONAL,Individual ou até 3 pessoas,MASCULINO,,,,,,,,,00-08-2019,NI,,,31,,,NI,,,,,,Individual ou até 3 pessoas,NAO IDENTIFICADO,,,NI,,,NA,,,NI,,,,,,,,PONTO DE ÔNIBUS
17-03-2022,MATO GROSSO,PEIXOTO DE AZEVEDO,,,SERÃO PUNIDOS NA FORMA DESTA LEI OS CRIMES RESULTANTES DE DISCRIMINAÇÃO OU PRECONCEITO DE RAÇA COR ETNIA RELIGIÃO OU PROCEDÊNCIA NACIONAL,Individual ou até 3 pessoas,FEMININO,,,,,,,,,00-08-2019,HETEROSSEXUAL,,,37,,,PARDA,,,,,,Individual ou até 3 pessoas,FEMININO,,,NI,,,NA,,,NI,,,,,,,,OUTRO
17-03-2022,MATO GROSSO,SINOP,,,SERÃO PUNIDOS NA FORMA DESTA LEI OS CRIMES RESULTANTES DE DISCRIMINAÇÃO OU PRECONCEITO DE RAÇA COR ETNIA RELIGIÃO OU PROCEDÊNCIA NACIONAL,Individual ou até 3 pessoas,MASCULINO,,,,,,,,,00-08-2019,NI,,,25,,,NI,,,,,,Individual ou até 3 pessoas,NAO IDENTIFICADO,,,NI,,,NA,,,NI,,,,,,,,OUTRO
17-03-2022,MATO GROSSO,CUIABA,,,SERÃO PUNIDOS NA FORMA DESTA LEI OS CRIMES RESULTANTES DE DISCRIMINAÇÃO OU PRECONCEITO DE RAÇA COR ETNIA RELIGIÃO OU PROCEDÊNCIA NACIONAL,Individual ou até 3 pessoas,FEMININO,,,,,,,,,00-09-2019,NI,,,47,,,PARDA,,,,,,Individual ou até 3 pessoas,FEMININO,,,NI,,,49,,,NI,,,,,,,,RESIDÊNCIA PARTICULAR
17-03-2022,MATO GROSSO,CUIABA,,,SERÃO PUNIDOS NA FORMA DESTA LEI OS CRIMES RESULTANTES DE DISCRIMINAÇÃO OU PRECONCEITO DE RAÇA COR ETNIA RELIGIÃO OU PROCEDÊNCIA NACIONAL,Individual ou até 3 pessoas,FEMININO,,,,,,,,,00-09-2019,NI,,,47,,,PARDA,,,,,,Individual ou até 3 pessoas,MASCULINO,,,NI,,,75,,,NI,,,,,,,,RESIDÊNCIA PARTICULAR
17-03-2022,MATO GROSSO,BARRA DO BUGRES,,,SERÃO PUNIDOS NA FORMA DESTA LEI OS CRIMES RESULTANTES DE DISCRIMINAÇÃO OU PRECONCEITO DE RAÇA COR ETNIA RELIGIÃO OU PROCEDÊNCIA NACIONAL,Individual ou até 3 pessoas,MASCULINO,,,,,,,,,00-10-2019,NI,,,22,,,PARDA,,,,,,Individual ou até 3 pessoas,NAO IDENTIFICADO,,,NI,,,NA,,,NI,,,,,,,,OUTRO
17-03-2022,MATO GROSSO,CAMPO VERDE,,,SERÃO PUNIDOS NA FORMA DESTA LEI OS CRIMES RESULTANTES DE DISCRIMINAÇÃO OU PRECONCEITO DE RAÇA COR ETNIA RELIGIÃO OU PROCEDÊNCIA NACIONAL,Individual ou até 3 pessoas,MASCULINO,,,,,,,,,00-10-2019,HETEROSSEXUAL,,,17,,,PARDA,,,,,,Individual ou até 3 pessoas,MASCULINO,,,NI,,,61,,,BRANCO,,,,,,,,ESCRITORIO
17-03-2022,MATO GROSSO,CAMPO VERDE,,,SERÃO PUNIDOS NA FORMA DESTA LEI OS CRIMES RESULTANTES DE DISCRIMINAÇÃO OU PRECONCEITO DE RAÇA COR ETNIA RELIGIÃO OU PROCEDÊNCIA NACIONAL,Individual ou até 3 pessoas,MASCULINO,,,,,,,,,00-10-2019,HETEROSSEXUAL,,,40,,,PARDA,,,,,,Individual ou até 3 pessoas,MASCULINO,,,NI,,,61,,,BRANCO,,,,,,,,ESCRITORIO
17-03-2022,MATO GROSSO,SAPEZAL,,,SERÃO PUNIDOS NA FORMA DESTA LEI OS CRIMES RESULTANTES DE DISCRIMINAÇÃO OU PRECONCEITO DE RAÇA COR ETNIA RELIGIÃO OU PROCEDÊNCIA NACIONAL,Individual ou até 3 pessoas,FEMININO,,,,,,,,,00-10-2019,NI,,,35,,,PRETA,,,,,,Individual ou até 3 pessoas,NAO IDENTIFICADO,,,NI,,,NA,,,NI,,,,,,,,OUTRO
17-03-2022,MATO GROSSO,TAPURAH,,,SERÃO PUNIDOS NA FORMA DESTA LEI OS CRIMES RESULTANTES DE DISCRIMINAÇÃO OU PRECONCEITO DE RAÇA COR ETNIA RELIGIÃO OU PROCEDÊNCIA NACIONAL,Individual ou até 3 pessoas,MASCULINO,,,,,,,,,00-10-2019,NI,,,35,,,NI,,,,,,Individual ou até 3 pessoas,MASCULINO,,,NI,,,NA,,,NI,,,,,,,,OUTRO
17-03-2022,MATO GROSSO,VARZEA GRANDE,,,SERÃO PUNIDOS NA FORMA DESTA LEI OS CRIMES RESULTANTES DE DISCRIMINAÇÃO OU PRECONCEITO DE RAÇA COR ETNIA RELIGIÃO OU PROCEDÊNCIA NACIONAL,Individual ou até 3 pessoas,FEMININO,,,,,,,,,00-10-2019,NI,,,55,,,NI,,,,,,Individual ou até 3 pessoas,FEMININO,,,NI,,,NA,,,NI,,,,,,,,ESCOLA PUBLICA
17-03-2022,MATO GROSSO,CUIABA,,,SERÃO PUNIDOS NA FORMA DESTA LEI OS CRIMES RESULTANTES DE DISCRIMINAÇÃO OU PRECONCEITO DE RAÇA COR ETNIA RELIGIÃO OU PROCEDÊNCIA NACIONAL,Individual ou até 3 pessoas,MASCULINO,,,,,,,,,00-11-2019,NI,,,37,,,NI,,,,,,Individual ou até 3 pessoas,NAO IDENTIFICADO,,,NI,,,NA,,,PARDA,,,,,,,,CONDOMÍNIO
17-03-2022,MATO GROSSO,CUIABA,,,SERÃO PUNIDOS NA FORMA DESTA LEI OS CRIMES RESULTANTES DE DISCRIMINAÇÃO OU PRECONCEITO DE RAÇA COR ETNIA RELIGIÃO OU PROCEDÊNCIA NACIONAL,Individual ou até 3 pessoas,FEMININO,,,,,,,,,00-11-2019,NI,,,58,,,NI,,,,,,Individual ou até 3 pessoas,NAO IDENTIFICADO,,,NI,,,NA,,,NI,,,,,,,,SUPERMERCADOS E MERCADOS
17-03-2022,MATO GROSSO,CUIABA,,,SERÃO PUNIDOS NA FORMA DESTA LEI OS CRIMES RESULTANTES DE DISCRIMINAÇÃO OU PRECONCEITO DE RAÇA COR ETNIA RELIGIÃO OU PROCEDÊNCIA NACIONAL,Individual ou até 3 pessoas,FEMININO,,,,,,,,,00-12-2019,NI,,,16,,,PARDA,,,,,,Individual ou até 3 pessoas,NAO IDENTIFICADO,,,NI,,,NA,,,NI,,,,,,,,ESCOLA PUBLICA
17-03-2022,MATO GROSSO,CUIABA,,,SERÃO PUNIDOS NA FORMA DESTA LEI OS CRIMES RESULTANTES DE DISCRIMINAÇÃO OU PRECONCEITO DE RAÇA COR ETNIA RELIGIÃO OU PROCEDÊNCIA NACIONAL,Individual ou até 3 pessoas,FEMININO,,,,,,,,,00-12-2019,NI,,,42,,,PARDA,,,,,,Individual ou até 3 pessoas,FEMININO,,,NI,,,28,,,PRETA,,,,,,,,RESIDÊNCIA PARTICULAR
17-03-2022,MATO GROSSO,RONDONOPOLIS,,,SERÃO PUNIDOS NA FORMA DESTA LEI OS CRIMES RESULTANTES DE DISCRIMINAÇÃO OU PRECONCEITO DE RAÇA COR ETNIA RELIGIÃO OU PROCEDÊNCIA NACIONAL,Individual ou até 3 pessoas,MASCULINO,,,,,,,,,00-12-2019,NI,,,29,,,PARDA,,,,,,Individual ou até 3 pessoas,FEMININO,,,NI,,,42,,,BRANCO,,,,,,,,VIA PÚBLICA
17-03-2022,MATO GROSSO,RONDONOPOLIS,,,SERÃO PUNIDOS NA FORMA DESTA LEI OS CRIMES RESULTANTES DE DISCRIMINAÇÃO OU PRECONCEITO DE RAÇA COR ETNIA RELIGIÃO OU PROCEDÊNCIA NACIONAL,Individual ou até 3 pessoas,FEMININO,,,,,,,,,00-12-2019,NI,,,31,,,PARDA,,,,,,Individual ou até 3 pessoas,FEMININO,,,NI,,,42,,,BRANCO,,,,,,,,VIA PÚBLICA
17-03-2022,MATO GROSSO,CUIABA,,,SERÃO PUNIDOS NA FORMA DESTA LEI OS CRIMES RESULTANTES DE DISCRIMINAÇÃO OU PRECONCEITO DE RAÇA COR ETNIA RELIGIÃO OU PROCEDÊNCIA NACIONAL,Individual ou até 3 pessoas,MASCULINO,,,,,,,,,00-02-2020,NI,,,71,,,PARDA,,,,,,Individual ou até 3 pessoas,NAO IDENTIFICADO,,,NI,,,NA,,,NI,,,,,,,,SUPERMERCADOS E MERCADOS
17-03-2022,MATO GROSSO,CUIABA,,,SERÃO PUNIDOS NA FORMA DESTA LEI OS CRIMES RESULTANTES DE DISCRIMINAÇÃO OU PRECONCEITO DE RAÇA COR ETNIA RELIGIÃO OU PROCEDÊNCIA NACIONAL,Individual ou até 3 pessoas,FEMININO,,,,,,,,,00-02-2020,NI,,,62,,,PARDA,,,,,,Individual ou até 3 pessoas,NAO IDENTIFICADO,,,NI,,,NA,,,NI,,,,,,,,SUPERMERCADOS E MERCADOS
17-03-2022,MATO GROSSO,CUIABA,,,SERÃO PUNIDOS NA FORMA DESTA LEI OS CRIMES RESULTANTES DE DISCRIMINAÇÃO OU PRECONCEITO DE RAÇA COR ETNIA RELIGIÃO OU PROCEDÊNCIA NACIONAL,Individual ou até 3 pessoas,MASCULINO,,,,,,,,,00-03-2020,HOMOSSEXUAL,,,28,,,PRETA,,,,,,Individual ou até 3 pessoas,NAO IDENTIFICADO,,,NI,,,NA,,,NI,,,,,,,,POSTO DE GASOLINA
17-03-2022,MATO GROSSO,CUIABA,,,SERÃO PUNIDOS NA FORMA DESTA LEI OS CRIMES RESULTANTES DE DISCRIMINAÇÃO OU PRECONCEITO DE RAÇA COR ETNIA RELIGIÃO OU PROCEDÊNCIA NACIONAL,Individual ou até 3 pessoas,MASCULINO,,,,,,,,,00-03-2020,NI,,,26,,,PARDA,,,,,,Individual ou até 3 pessoas,MASCULINO,,,NI,,,42,,,NI,,,,,,,,RESIDÊNCIA PARTICULAR
17-03-2022,MATO GROSSO,ALTO GARCAS,,,SERÃO PUNIDOS NA FORMA DESTA LEI OS CRIMES RESULTANTES DE DISCRIMINAÇÃO OU PRECONCEITO DE RAÇA COR ETNIA RELIGIÃO OU PROCEDÊNCIA NACIONAL,Individual ou até 3 pessoas,FEMININO,,,,,,,,,00-07-2020,NI,,,18,,,NI,,,,,,Individual ou até 3 pessoas,FEMININO,,,NI,,,41,,,PRETA,,,,,,,,RESIDÊNCIA PARTICULAR
17-03-2022,MATO GROSSO,CUIABA,,,SERÃO PUNIDOS NA FORMA DESTA LEI OS CRIMES RESULTANTES DE DISCRIMINAÇÃO OU PRECONCEITO DE RAÇA COR ETNIA RELIGIÃO OU PROCEDÊNCIA NACIONAL,Individual ou até 3 pessoas,FEMININO,,,,,,,,,00-07-2020,NI,,,27,,,NI,,,,,,Individual ou até 3 pessoas,MASCULINO,,,NI,,,38,,,NI,,,,,,,,INTERNET
17-03-2022,MATO GROSSO,CUIABA,,,SERÃO PUNIDOS NA FORMA DESTA LEI OS CRIMES RESULTANTES DE DISCRIMINAÇÃO OU PRECONCEITO DE RAÇA COR ETNIA RELIGIÃO OU PROCEDÊNCIA NACIONAL,Individual ou até 3 pessoas,MASCULINO,,,,,,,,,00-07-2020,NI,,,68,,,NI,,,,,,Individual ou até 3 pessoas,MASCULINO,,,NI,,,26,,,NI,,,,,,,,RESIDÊNCIA PARTICULAR
17-03-2022,MATO GROSSO,VARZEA GRANDE,,,SERÃO PUNIDOS NA FORMA DESTA LEI OS CRIMES RESULTANTES DE DISCRIMINAÇÃO OU PRECONCEITO DE RAÇA COR ETNIA RELIGIÃO OU PROCEDÊNCIA NACIONAL,Individual ou até 3 pessoas,MASCULINO,,,,,,,,,00-09-2020,NI,,,49,,,NI,,,,,,Individual ou até 3 pessoas,NAO IDENTIFICADO,,,NI,,,NA,,,NI,,,,,,,,CASA COMERCIAL
17-03-2022,MATO GROSSO,VARZEA GRANDE,,,SERÃO PUNIDOS NA FORMA DESTA LEI OS CRIMES RESULTANTES DE DISCRIMINAÇÃO OU PRECONCEITO DE RAÇA COR ETNIA RELIGIÃO OU PROCEDÊNCIA NACIONAL,Individual ou até 3 pessoas,MASCULINO,,,,,,,,,00-10-2020,NI,,,61,,,NI,,,,,,Individual ou até 3 pessoas,MASCULINO,,,NI,,,NA,,,NI,,,,,,,,EDIFICIO PUBLICO E DEPENDENCIAS
17-03-2022,MATO GROSSO,VARZEA GRANDE,,,SERÃO PUNIDOS NA FORMA DESTA LEI OS CRIMES RESULTANTES DE DISCRIMINAÇÃO OU PRECONCEITO DE RAÇA COR ETNIA RELIGIÃO OU PROCEDÊNCIA NACIONAL,Individual ou até 3 pessoas,MASCULINO,,,,,,,,,00-11-2020,NI,,,26,,,NI,,,,,,Individual ou até 3 pessoas,FEMININO,,,NI,,,62,,,PARDA,,,,,,,,OUTRO
17-03-2022,MATO GROSSO,CUIABA,,,SERÃO PUNIDOS NA FORMA DESTA LEI OS CRIMES RESULTANTES DE DISCRIMINAÇÃO OU PRECONCEITO DE RAÇA COR ETNIA RELIGIÃO OU PROCEDÊNCIA NACIONAL,Individual ou até 3 pessoas,MASCULINO,,,,,,,,,00-12-2020,NI,,,38,,,PRETA,,,,,,Individual ou até 3 pessoas,NAO IDENTIFICADO,,,NI,,,NA,,,NI,,,,,,,,SUPERMERCADOS E MERCADOS
17-03-2022,MATO GROSSO,CUIABA,,,SERÃO PUNIDOS NA FORMA DESTA LEI OS CRIMES RESULTANTES DE DISCRIMINAÇÃO OU PRECONCEITO DE RAÇA COR ETNIA RELIGIÃO OU PROCEDÊNCIA NACIONAL,Individual ou até 3 pessoas,MASCULINO,,,,,,,,,00-02-2021,NI,,,44,,,PARDA,,,,,,Individual ou até 3 pessoas,FEMININO,,,NI,,,54,,,PARDA,,,,,,,,OUTRO
17-03-2022,MATO GROSSO,CUIABA,,,SERÃO PUNIDOS NA FORMA DESTA LEI OS CRIMES RESULTANTES DE DISCRIMINAÇÃO OU PRECONCEITO DE RAÇA COR ETNIA RELIGIÃO OU PROCEDÊNCIA NACIONAL,Individual ou até 3 pessoas,FEMININO,,,,,,,,,00-03-2021,NI,,,78,,,NI,,,,,,Individual ou até 3 pessoas,MASCULINO,,,NI,,,59,,,NI,,,,,,,,OUTRO
17-03-2022,MATO GROSSO,RONDONOPOLIS,,,SERÃO PUNIDOS NA FORMA DESTA LEI OS CRIMES RESULTANTES DE DISCRIMINAÇÃO OU PRECONCEITO DE RAÇA COR ETNIA RELIGIÃO OU PROCEDÊNCIA NACIONAL,Individual ou até 3 pessoas,FEMININO,,,,,,,,,00-03-2021,NI,,,37,,,BRANCO,,,,,,Individual ou até 3 pessoas,FEMININO,,,NI,,,39,,,PRETA,,,,,,,,OUTRO
17-03-2022,MATO GROSSO,CUIABA,,,SERÃO PUNIDOS NA FORMA DESTA LEI OS CRIMES RESULTANTES DE DISCRIMINAÇÃO OU PRECONCEITO DE RAÇA COR ETNIA RELIGIÃO OU PROCEDÊNCIA NACIONAL,Individual ou até 3 pessoas,MASCULINO,,,,,,,,,00-04-2021,NI,,,55,,,NI,,,,,,Individual ou até 3 pessoas,MASCULINO,,,NI,,,NA,,,NI,,,,,,,,RESIDÊNCIA PARTICULAR
17-03-2022,MATO GROSSO,CUIABA,,,SERÃO PUNIDOS NA FORMA DESTA LEI OS CRIMES RESULTANTES DE DISCRIMINAÇÃO OU PRECONCEITO DE RAÇA COR ETNIA RELIGIÃO OU PROCEDÊNCIA NACIONAL,Individual ou até 3 pessoas,FEMININO,,,,,,,,,00-04-2021,NI,,,67,,,PARDA,,,,,,Individual ou até 3 pessoas,MASCULINO,,,NI,,,NA,,,NI,,,,,,,,RESIDÊNCIA PARTICULAR
17-03-2022,MATO GROSSO,CUIABA,,,SERÃO PUNIDOS NA FORMA DESTA LEI OS CRIMES RESULTANTES DE DISCRIMINAÇÃO OU PRECONCEITO DE RAÇA COR ETNIA RELIGIÃO OU PROCEDÊNCIA NACIONAL,Individual ou até 3 pessoas,MASCULINO,,,,,,,,,00-04-2021,NI,,,55,,,NI,,,,,,Individual ou até 3 pessoas,MASCULINO,,,NI,,,57,,,NI,,,,,,,,RESIDÊNCIA PARTICULAR
17-03-2022,MATO GROSSO,CUIABA,,,SERÃO PUNIDOS NA FORMA DESTA LEI OS CRIMES RESULTANTES DE DISCRIMINAÇÃO OU PRECONCEITO DE RAÇA COR ETNIA RELIGIÃO OU PROCEDÊNCIA NACIONAL,Individual ou até 3 pessoas,FEMININO,,,,,,,,,00-04-2021,NI,,,67,,,PARDA,,,,,,Individual ou até 3 pessoas,MASCULINO,,,NI,,,57,,,NI,,,,,,,,RESIDÊNCIA PARTICULAR
17-03-2022,MATO GROSSO,LUCAS DO RIO VERDE,,,SERÃO PUNIDOS NA FORMA DESTA LEI OS CRIMES RESULTANTES DE DISCRIMINAÇÃO OU PRECONCEITO DE RAÇA COR ETNIA RELIGIÃO OU PROCEDÊNCIA NACIONAL,Individual ou até 3 pessoas,FEMININO,,,,,,,,,00-06-2021,HETEROSSEXUAL,,,29,,,PRETA,,,,,,Individual ou até 3 pessoas,NAO IDENTIFICADO,,,NI,,,NA,,,NI,,,,,,,,RESIDÊNCIA PARTICULAR
17-03-2022,MATO GROSSO,CUIABA,,,SERÃO PUNIDOS NA FORMA DESTA LEI OS CRIMES RESULTANTES DE DISCRIMINAÇÃO OU PRECONCEITO DE RAÇA COR ETNIA RELIGIÃO OU PROCEDÊNCIA NACIONAL,Individual ou até 3 pessoas,MASCULINO,,,,,,,,,00-07-2021,NI,,,70,,,PARDA,,,,,,Individual ou até 3 pessoas,FEMININO,,,NI,,,NA,,,PARDA,,,,,,,,RESIDÊNCIA PARTICULAR
17-03-2022,MATO GROSSO,CUIABA,,,SERÃO PUNIDOS NA FORMA DESTA LEI OS CRIMES RESULTANTES DE DISCRIMINAÇÃO OU PRECONCEITO DE RAÇA COR ETNIA RELIGIÃO OU PROCEDÊNCIA NACIONAL,Individual ou até 3 pessoas,MASCULINO,,,,,,,,,00-07-2021,NI,,,70,,,PARDA,,,,,,Individual ou até 3 pessoas,NAO IDENTIFICADO,,,NI,,,NA,,,PARDA,,,,,,,,RESIDÊNCIA PARTICULAR
17-03-2022,MATO GROSSO,CUIABA,,,SERÃO PUNIDOS NA FORMA DESTA LEI OS CRIMES RESULTANTES DE DISCRIMINAÇÃO OU PRECONCEITO DE RAÇA COR ETNIA RELIGIÃO OU PROCEDÊNCIA NACIONAL,Individual ou até 3 pessoas,MASCULINO,,,,,,,,,00-09-2021,NI,,,50,,,NI,,,,,,Individual ou até 3 pessoas,MASCULINO,,,NI,,,NA,,,PARDA,,,,,,,,VIA PÚBLICA
17-03-2022,MATO GROSSO,PONTES E LACERDA,,,SERÃO PUNIDOS NA FORMA DESTA LEI OS CRIMES RESULTANTES DE DISCRIMINAÇÃO OU PRECONCEITO DE RAÇA COR ETNIA RELIGIÃO OU PROCEDÊNCIA NACIONAL,Individual ou até 3 pessoas,FEMININO,,,,,,,,,00-10-2021,NI,,,44,,,PRETA,,,,,,Individual ou até 3 pessoas,FEMININO,,,NI,,,25,,,PARDA,,,,,,,,RESIDÊNCIA PARTICULAR
17-03-2022,MATO GROSSO,PONTES E LACERDA,,,SERÃO PUNIDOS NA FORMA DESTA LEI OS CRIMES RESULTANTES DE DISCRIMINAÇÃO OU PRECONCEITO DE RAÇA COR ETNIA RELIGIÃO OU PROCEDÊNCIA NACIONAL,Individual ou até 3 pessoas,MASCULINO,,,,,,,,,00-10-2021,NI,,,11,,,PRETA,,,,,,Individual ou até 3 pessoas,FEMININO,,,NI,,,25,,,PARDA,,,,,,,,RESIDÊNCIA PARTICULAR
17-03-2022,MATO GROSSO,PONTES E LACERDA,,,SERÃO PUNIDOS NA FORMA DESTA LEI OS CRIMES RESULTANTES DE DISCRIMINAÇÃO OU PRECONCEITO DE RAÇA COR ETNIA RELIGIÃO OU PROCEDÊNCIA NACIONAL,Individual ou até 3 pessoas,FEMININO,,,,,,,,,00-10-2021,NI,,,44,,,PRETA,,,,,,Individual ou até 3 pessoas,MASCULINO,,,NI,,,34,,,PARDA,,,,,,,,RESIDÊNCIA PARTICULAR
17-03-2022,MATO GROSSO,PONTES E LACERDA,,,SERÃO PUNIDOS NA FORMA DESTA LEI OS CRIMES RESULTANTES DE DISCRIMINAÇÃO OU PRECONCEITO DE RAÇA COR ETNIA RELIGIÃO OU PROCEDÊNCIA NACIONAL,Individual ou até 3 pessoas,MASCULINO,,,,,,,,,00-10-2021,NI,,,11,,,PRETA,,,,,,Individual ou até 3 pessoas,MASCULINO,,,NI,,,34,,,PARDA,,,,,,,,RESIDÊNCIA PARTICULAR
17-03-2022,MATO GROSSO,CUIABA,,,SERÃO PUNIDOS NA FORMA DESTA LEI OS CRIMES RESULTANTES DE DISCRIMINAÇÃO OU PRECONCEITO DE RAÇA COR ETNIA RELIGIÃO OU PROCEDÊNCIA NACIONAL,Individual ou até 3 pessoas,MASCULINO,,,,,,,,,00-11-2021,NI,,,26,,,NI,,,,,,Individual ou até 3 pessoas,FEMININO,,,NI,,,23,,,NI,,,,,,,,OUTRO
17-03-2022,MATO GROSSO,CUIABA,,,SERÃO PUNIDOS NA FORMA DESTA LEI OS CRIMES RESULTANTES DE DISCRIMINAÇÃO OU PRECONCEITO DE RAÇA COR ETNIA RELIGIÃO OU PROCEDÊNCIA NACIONAL,Individual ou até 3 pessoas,MASCULINO,,,,,,,,,00-11-2021,NI,,,29,,,NI,,,,,,Individual ou até 3 pessoas,FEMININO,,,NI,,,23,,,NI,,,,,,,,OUTRO
17-03-2022,MATO GROSSO,CUIABA,,,SERÃO PUNIDOS NA FORMA DESTA LEI OS CRIMES RESULTANTES DE DISCRIMINAÇÃO OU PRECONCEITO DE RAÇA COR ETNIA RELIGIÃO OU PROCEDÊNCIA NACIONAL,Individual ou até 3 pessoas,MASCULINO,,,,,,,,,00-11-2021,NI,,,26,,,NI,,,,,,Individual ou até 3 pessoas,MASCULINO,,,NI,,,47,,,BRANCO,,,,,,,,OUTRO
17-03-2022,MATO GROSSO,CUIABA,,,SERÃO PUNIDOS NA FORMA DESTA LEI OS CRIMES RESULTANTES DE DISCRIMINAÇÃO OU PRECONCEITO DE RAÇA COR ETNIA RELIGIÃO OU PROCEDÊNCIA NACIONAL,Individual ou até 3 pessoas,MASCULINO,,,,,,,,,00-11-2021,NI,,,29,,,NI,,,,,,Individual ou até 3 pessoas,MASCULINO,,,NI,,,47,,,BRANCO,,,,,,,,OUTRO
17-03-2022,MATO GROSSO,CUIABA,,,SERÃO PUNIDOS NA FORMA DESTA LEI OS CRIMES RESULTANTES DE DISCRIMINAÇÃO OU PRECONCEITO DE RAÇA COR ETNIA RELIGIÃO OU PROCEDÊNCIA NACIONAL,Individual ou até 3 pessoas,FEMININO,,,,,,,,,00-12-2021,NI,,,12,,,NI,,,,,,Individual ou até 3 pessoas,FEMININO,,,NI,,,55,,,PARDA,,,,,,,,RESIDÊNCIA PARTICULAR
17-03-2022,MATO GROSSO,CUIABA,,,SERÃO PUNIDOS NA FORMA DESTA LEI OS CRIMES RESULTANTES DE DISCRIMINAÇÃO OU PRECONCEITO DE RAÇA COR ETNIA RELIGIÃO OU PROCEDÊNCIA NACIONAL,Individual ou até 3 pessoas,FEMININO,,,,,,,,,00-12-2021,NI,,,12,,,NI,,,,,,Individual ou até 3 pessoas,MASCULINO,,,NI,,,60,,,NI,,,,,,,,RESIDÊNCIA PARTICULAR
17-03-2022,MATO GROSSO,VARZEA GRANDE,,,SERÃO PUNIDOS NA FORMA DESTA LEI OS CRIMES RESULTANTES DE DISCRIMINAÇÃO OU PRECONCEITO DE RAÇA COR ETNIA RELIGIÃO OU PROCEDÊNCIA NACIONAL,Individual ou até 3 pessoas,FEMININO,,,,,,,,,00-12-2021,NI,,,58,,,NI,,,,,,Individual ou até 3 pessoas,MASCULINO,,,NI,,,NA,,,NI,,,,,,,,SUPERMERCADOS E MERCADOS
17-03-2022,MATO GROSSO,PEDRA PRETA,,,TORTURA EM RAZÃO DE DISCRIMINAÇÃO RACIAL OU RELIGIOSA,Individual ou até 3 pessoas,FEMININO,,,,,,,,,00-05-2019,NI,,,33,,,NI,,,,,,Individual ou até 3 pessoas,FEMININO,,,NI,,,NA,,,NI,,,,,,,,RESIDÊNCIA PARTICULAR
17-03-2022,MATO GROSSO,CUIABA,,,TORTURA EM RAZÃO DE DISCRIMINAÇÃO RACIAL OU RELIGIOSA,Individual ou até 3 pessoas,FEMININO,,,,,,,,,00-08-2019,NI,,,37,,,NI,,,,,,Individual ou até 3 pessoas,MASCULINO,,,NI,,,43,,,NI,,,,,,,,RESIDÊNCIA PARTICULAR
17-03-2022,MATO GROSSO,CUIABA,,,TORTURA EM RAZÃO DE DISCRIMINAÇÃO RACIAL OU RELIGIOSA,Individual ou até 3 pessoas,MASCULINO,,,,,,,,,00-02-2020,PARDA,,,26,,,NI,,,,,,Individual ou até 3 pessoas,NAO IDENTIFICADO,,,NI,,,NA,,,NI,,,,,,,,HOTEL
17-03-2022,MATO GROSSO,CUIABA,,,TORTURA EM RAZÃO DE DISCRIMINAÇÃO RACIAL OU RELIGIOSA,Individual ou até 3 pessoas,MASCULINO,,,,,,,,,00-02-2020,PARDA,,,31,,,NI,,,,,,Individual ou até 3 pessoas,NAO IDENTIFICADO,,,NI,,,NA,,,NI,,,,,,,,HOTEL
17-03-2022,MATO GROSSO,VARZEA GRANDE,,,TORTURA EM RAZÃO DE DISCRIMINAÇÃO RACIAL OU RELIGIOSA,Individual ou até 3 pessoas,MASCULINO,,,,,,,,,00-09-2020,NI,,,38,,,NI,,,,,,Individual ou até 3 pessoas,MASCULINO,,,NI,,,78,,,NI,,,,,,,,CADEIA PUBLICA
17-03-2022,MATO GROSSO,VARZEA GRANDE,,,TORTURA EM RAZÃO DE DISCRIMINAÇÃO RACIAL OU RELIGIOSA,Individual ou até 3 pessoas,MASCULINO,,,,,,,,,00-09-2020,NI,,,38,,,NI,,,,,,Individual ou até 3 pessoas,MASCULINO,,,NI,,,NA,,,NI,,,,,,,,CADEIA PUBLICA
17-03-2022,MATO GROSSO,VARZEA GRANDE,,,TORTURA EM RAZÃO DE DISCRIMINAÇÃO RACIAL OU RELIGIOSA,Individual ou até 3 pessoas,MASCULINO,,,,,,,,,00-09-2020,NI,,,38,,,NI,,,,,,Individual ou até 3 pessoas,MASCULINO,,,NI,,,25,,,NI,,,,,,,,CADEIA PUBLICA
17-03-2022,MATO GROSSO,VARZEA GRANDE,,,TORTURA EM RAZÃO DE DISCRIMINAÇÃO RACIAL OU RELIGIOSA,Individual ou até 3 pessoas,MASCULINO,,,,,,,,,00-09-2020,NI,,,38,,,NI,,,,,,Individual ou até 3 pessoas,MASCULINO,,,NI,,,30,,,NI,,,,,,,,CADEIA PUBLICA
17-03-2022,MATO GROSSO,VARZEA GRANDE,,,TORTURA EM RAZÃO DE DISCRIMINAÇÃO RACIAL OU RELIGIOSA,Individual ou até 3 pessoas,MASCULINO,,,,,,,,,00-09-2020,NI,,,38,,,NI,,,,,,Individual ou até 3 pessoas,MASCULINO,,,NI,,,47,,,NI,,,,,,,,CADEIA PUBLICA
17-03-2022,MATO GROSSO,CANARANA,,,TORTURA EM RAZÃO DE DISCRIMINAÇÃO RACIAL OU RELIGIOSA,Individual ou até 3 pessoas,FEMININO,,,,,,,,,00-12-2020,PRETA,,,69,,,NI,,,,,,Individual ou até 3 pessoas,NAO IDENTIFICADO,,,NI,,,NA,,,NI,,,,,,,,RESIDÊNCIA PARTICULAR
17-03-2022,MATO GROSSO,CUIABA,,,TORTURA EM RAZÃO DE DISCRIMINAÇÃO RACIAL OU RELIGIOSA,Individual ou até 3 pessoas,MASCULINO,,,,,,,,,00-01-2021,PARDA,,,38,,,NI,,,,,,Individual ou até 3 pessoas,MASCULINO,,,NI,,,29,,,NI,,,,,,,,OUTRO