"Submission Date",UF,Cidade,Dano,Violência,Tipificação,Vítima,"Gênero da vítima 1","Gênero da vítima 2","Gênero da vítima 3","Escolaridade da vítima 3","Escolaridade da vítima 2","Escolaridade da vítima 1","Escolaridade do agressor 3","Escolaridade do agressor 2","Escolaridade do agressor 1","Data da denúncia","Orientação sexual da vítima 1","Orientação sexual da vítima 2","Orientação sexual da vítima 3","Idade da vítima 1","Idade da vítima 2","Idade da vítima 3","Raça/cor da vítima 1","Raça/cor da vítima 2","Raça/cor da vítima 3","Religião da vítima 1","Religião da vítima 2","Religião da vítima 3","Agressor 1","Gênero do agressor 1","Gênero do agressor 2","Gênero do agressor 3","Orientação sexual do agressor 1","Orientação sexual do agressor 2","Orientação sexual do agressor 3","Idade do agressor 1","Idade do agressor 2","Idade do agressor 3","Raça/cor do agressor 1","Raça/cor do agressor 2","Raça/cor do agressor 3","Religião do agressor 1","Religião do agressor 2","Religião do agressor 3",Encaminhamentos,Resumo,Observações
"2022/03/17 18:17:40","Mato Grosso","Tangará da Serra",Psicológico,"Violência moral por motivação religiosa",,"Individual ou até 3 pessoas",Feminino,,,,,,,,,"Sep 1, 2021",,,,36,,,,,,,,,"Individual ou até 3 pessoas",,,,,,,,,,,,,,,,,,
"2022/03/17 18:12:25","Mato Grosso",Tapurah,Psicológico,"Violência moral por motivação religiosa",,"Individual ou até 3 pessoas",Feminino,,,,,,,,,"Sep 1, 2021",,,,22,,,,,,,,,"Individual ou até 3 pessoas",,,,,,,,,,,,,,,,,,
"2022/03/17 18:01:25","Mato Grosso","Várzea Grande",Psicológico,"Violência moral por motivação religiosa",,"Individual ou até 3 pessoas",Feminino,,,,,,,,,"Sep 1, 2021",,,,17,,,,,,,,,"Individual ou até 3 pessoas",Feminino,Masculino,,,,,38,48,,,,,,,,,,
"2022/03/17 17:59:09","Mato Grosso","Várzea Grande",Psicológico,"Violência moral por motivação religiosa",,"Individual ou até 3 pessoas",Masculino,,,,,,,,,"Dec 1, 2021",,,,44,,,,,,,,,"Individual ou até 3 pessoas",Masculino,Masculino,,,,,26,,,,,,,,,,,
"2022/03/17 17:57:34","Mato Grosso","Várzea Grande",Psicológico,"Violência moral por motivação religiosa",,"Individual ou até 3 pessoas",Masculino,,,,,,,,,"Sep 1, 2021",,,,44,,,,,,,,,"Individual ou até 3 pessoas",Masculino,,,,,,37,,,,,,,,,,,
"2022/03/17 17:52:07","Mato Grosso","Vila Bela Santíssima Trindade",Psicológico,"Violência moral por motivação religiosa",,"Individual ou até 3 pessoas",Feminino,,,,,,,,,"Sep 1, 2021",Heterossexual,,,65,,,"Parda (negra)",,,,,,"Individual ou até 3 pessoas",Feminino,,,,,,57,,,"Parda (negra)",,,,,,,,
"2022/03/17 17:50:20","Mato Grosso","Água Boa",Psicológico,"Violência moral por motivação religiosa",,"Individual ou até 3 pessoas",Feminino,,,,,,,,,"Oct 1, 2021",,,,41,,,Branca,,,,,,"Individual ou até 3 pessoas",Masculino,,,,,,50,,,"Preta (negra)",,,,,,,,
"2022/03/17 17:47:04","Mato Grosso","Alto Garças",Psicológico,"Violência moral por motivação religiosa",,"Individual ou até 3 pessoas",Feminino,Masculino,,,,,,,,"Dec 1, 2021",Heterossexual,Heterossexual,,31,50,,"Preta (negra)",Branca,,,,,"Individual ou até 3 pessoas",,,,,,,,,,,,,,,,,,
"2022/03/17 16:40:27","Mato Grosso",Araputanga,Psicológico,"Violência moral por motivação religiosa",,"Individual ou até 3 pessoas",Masculino,,,,,,,,,"Oct 1, 2021",,,,29,,,"Parda (negra)",,,,,,"Individual ou até 3 pessoas",Masculino,,,,,,55,,,,,,,,,,,
"2022/03/17 16:39:05","Mato Grosso","Barra do Bugres",Psicológico,"Violência moral por motivação religiosa",,"Individual ou até 3 pessoas",Masculino,,,,,,,,,"Oct 1, 2021",,,,46,,,,,,,,,"Individual ou até 3 pessoas",,,,,,,,,,,,,,,,,,
"2022/03/17 16:37:30","Mato Grosso","Barra do Garças",Psicológico,"Violência moral por motivação religiosa",,"Individual ou até 3 pessoas",Masculino,,,,,,,,,"Oct 1, 2021",,,,25,,,"Parda (negra)",,,,,,"Individual ou até 3 pessoas",Masculino,,,,,,38,,,Branca,,,,,,,,
"2022/03/17 16:33:40","Mato Grosso",Cáceres,Psicológico,"Violência moral por motivação religiosa",,"Individual ou até 3 pessoas",Masculino,,,,,,,,,"Oct 1, 2021",,,,68,,,,,,,,,"Individual ou até 3 pessoas",Masculino,,,,,,31,,,,,,,,,,,
"2022/03/17 16:31:05","Mato Grosso",Cáceres,Psicológico,"Violência moral por motivação religiosa",,"Individual ou até 3 pessoas",Masculino,,,,,,,,,"Jan 1, 2021",Heterossexual,,,31,,,"Preta (negra)",,,,,,"Individual ou até 3 pessoas",Masculino,,,,,,,,,,,,,,,,,
"2022/03/17 16:30:27","Mato Grosso","Campo Novo do Parecis",Psicológico,"Violência moral por motivação religiosa",,"Individual ou até 3 pessoas",Feminino,,,,,,,,,"Oct 1, 2021",Bisexual,,,12,,,"Preta (negra)",,,,,,"Individual ou até 3 pessoas",Feminino,,,,,,,,,,,,,,,,,
"2022/03/17 16:28:35","Mato Grosso",Cuiabá,Psicológico,"Violência moral por motivação religiosa",,"Individual ou até 3 pessoas",Masculino,,,,,,,,,"Oct 1, 2021",,,,24,,,,,,,,,"Individual ou até 3 pessoas",Masculino,,,,,,,,,,,,,,,,,
"2022/03/17 16:27:07","Mato Grosso",Cuiabá,Psicológico,"Violência moral por motivação religiosa",,"Individual ou até 3 pessoas",Feminino,,,,,,,,,"Oct 1, 2021",,,,54,,,,,,,,,"Individual ou até 3 pessoas",Feminino,,,,,,58,,,,,,,,,,,
"2022/03/17 16:25:45","Mato Grosso",Cuiabá,Psicológico,"Violência moral por motivação religiosa",,"Individual ou até 3 pessoas",Masculino,,,,,,,,,"Oct 1, 2021",Homossexual,,,20,,,"Parda (negra)",,,,,,"Individual ou até 3 pessoas",Masculino,,,,,,,,,,,,,,,,,
"2022/03/17 16:24:30","Mato Grosso",Cuiabá,Psicológico,"Violência moral por motivação religiosa",,"Individual ou até 3 pessoas",Feminino,Feminino,Feminino,,,,,,,"Oct 1, 2021",Heterossexual,,,43,39,41,"Preta (negra)","Preta (negra)",,,,,"Individual ou até 3 pessoas",Feminino,Masculino,,,,,35,,,,,,,,,,,
"2022/03/17 16:21:50","Mato Grosso",Cuiabá,Psicológico,"Violência moral por motivação religiosa",,"Grupo ou coletivo",Feminino,Feminino,Feminino,,,,,,,"Oct 1, 2021",,,,31,32,47,,,,,,,"Coletivo ou grupo",Feminino,Masculino,Feminino,,,,65,79,,,Branca,"Parda (negra)",,,,,,
"2022/03/17 16:19:01","Mato Grosso",Cuiabá,Psicológico,"Violência moral por motivação religiosa",,"Individual ou até 3 pessoas",Masculino,,,,,,,,,"Oct 1, 2021",Heterossexual,,,20,,,Branca,,,,,,"Individual ou até 3 pessoas",Masculino,,,Heterossexual,,,48,,,"Parda (negra)",,,,,,,,
"2022/03/17 16:17:44","Mato Grosso",Diamantino,Psicológico,"Violência moral por motivação religiosa",,"Individual ou até 3 pessoas",Masculino,,,,,,,,,"Oct 1, 2021",,,,38,,,,,,,,,"Individual ou até 3 pessoas",,,,,,,,,,,,,,,,,,
"2022/03/17 16:15:49","Mato Grosso",Jangada,Psicológico,"Violência moral por motivação religiosa",,"Individual ou até 3 pessoas",Masculino,,,,,,,,,"Oct 1, 2021",Homossexual,,,21,,,Branca,,,,,,"Individual ou até 3 pessoas",Masculino,,,,,,,,,Branca,,,,,,,,
"2022/03/17 16:13:46","Mato Grosso",Juara,Psicológico,"Violência moral por motivação religiosa",,"Individual ou até 3 pessoas",Masculino,Masculino,,,,,,,,"Oct 1, 2021",,,,22,26,,Branca,,,,,,"Individual ou até 3 pessoas",Masculino,,,,,,23,,,"Parda (negra)",,,,,,,,
"2022/03/17 16:11:39","Mato Grosso","Lucas do Rio Verde",Psicológico,"Violência moral por motivação religiosa",,"Individual ou até 3 pessoas",Feminino,Feminino,,,,,,,,"Oct 1, 2021",,,,25,46,,"Preta (negra)",,,,,,"Individual ou até 3 pessoas",Feminino,Feminino,,,,,31,,,Branca,,,,,,,,
"2022/03/17 16:09:34","Mato Grosso","Nova Mutum",Psicológico,"Violência moral por motivação religiosa",,"Individual ou até 3 pessoas",Masculino,,,,,,,,,"Oct 1, 2021",Heterossexual,,,47,,,"Preta (negra)",,,,,,"Individual ou até 3 pessoas",Masculino,,,,,,,,,Branca,,,,,,,,
"2022/03/17 16:05:16","Mato Grosso","Nova Santa Helena",Psicológico,"Violência moral por motivação religiosa",,"Individual ou até 3 pessoas",Feminino,,,,,,,,,"Oct 1, 2021",,,,34,,,"Preta (negra)",,,,,,"Individual ou até 3 pessoas",Feminino,,,,,,34,,,,,,,,,,,
"2022/03/17 16:03:30","Mato Grosso",Poconé,Psicológico,"Violência moral por motivação religiosa",,"Individual ou até 3 pessoas",Feminino,,,,,,,,,"Oct 1, 2021",,,,24,,,,,,,,,"Individual ou até 3 pessoas",Feminino,,,,,,,,,,,,,,,,,
"2022/03/17 16:02:15","Mato Grosso","Pontes e Lacerda",Psicológico,"Violência moral por motivação religiosa",,"Individual ou até 3 pessoas",Masculino,,,,,,,,,"Oct 1, 2021",Heterossexual,,,41,,,,,,,,,"Individual ou até 3 pessoas",,,,,,,,,,,,,,,,,,
"2022/03/17 16:01:04","Mato Grosso","Pontes e Lacerda",Psicológico,"Violência moral por motivação religiosa",,"Individual ou até 3 pessoas",Feminino,,,,,,,,,"Oct 1, 2021",,,,51,,,,,,,,,"Individual ou até 3 pessoas",Masculino,Masculino,,,,,39,45,,Branca,,,,,,,,
"2022/03/17 15:56:35","Mato Grosso",Rondonópolis,Psicológico,"Violência moral por motivação religiosa",,"Individual ou até 3 pessoas",Masculino,,,,,,,,,"Oct 1, 2021",,,,15,,,,,,,,,"Individual ou até 3 pessoas",Feminino,,,,,,,,,,,,,,,,,
"2022/03/17 15:44:30","Mato Grosso",Rondonópolis,Psicológico,"Violência moral por motivação religiosa",,"Individual ou até 3 pessoas",Feminino,Feminino,,,,,,,,"Oct 1, 2021",,,,24,58,,,,,,,,"Coletivo ou grupo",Feminino,Masculino,Masculino,,,,25,27,30,"Parda (negra)",,,,,,,,
"2022/03/17 15:42:30","Mato Grosso",Rondonópolis,Psicológico,"Violência moral por motivação religiosa",,"Individual ou até 3 pessoas",Masculino,,,,,,,,,"Oct 1, 2021",Homossexual,,,34,,,,,,,,,"Individual ou até 3 pessoas",Feminino,,,,,,64,,,,,,,,,,,
"2022/03/17 15:40:41","Mato Grosso","Santo Antônio do Leverger",Psicológico,"Violência moral por motivação religiosa",,"Individual ou até 3 pessoas",Feminino,,,,,,,,,"Oct 1, 2021",,,,21,,,"Parda (negra)",,,,,,"Individual ou até 3 pessoas",Feminino,,,,,,31,,,"Parda (negra)",,,,,,,,
"2022/03/17 15:38:49","Mato Grosso",Sapezal,Psicológico,"Violência moral por motivação religiosa",,"Individual ou até 3 pessoas",Feminino,Feminino,,,,,,,,"Oct 1, 2021",,,,18,21,,,,,,,,"Individual ou até 3 pessoas",Masculino,,,,,,30,,,"Parda (negra)",,,,,,,,
"2022/03/17 15:35:33","Mato Grosso",Sinop,Psicológico,"Violência moral por motivação religiosa",,"Individual ou até 3 pessoas",Feminino,,,,,,,,,"Oct 1, 2021",,,,53,,,,,,,,,,,,,,,,,,,,,,,,,,,
"2022/03/17 15:34:13","Mato Grosso","Várzea Grande",Psicológico,"Violência moral por motivação religiosa",,"Individual ou até 3 pessoas",Feminino,,,,,,,,,"Oct 1, 2021",,,,48,,,,,,,,,"Individual ou até 3 pessoas",Feminino,,,,,,,,,Branca,,,,,,,,
"2022/03/17 15:28:42","Mato Grosso","Várzea Grande",Psicológico,"Violência moral por motivação religiosa",,"Individual ou até 3 pessoas",Masculino,,,,,,,,,"Oct 1, 2021",,,,13,,,,,,,,,"Individual ou até 3 pessoas",,,,,,,,,,,,,,,,,,
"2022/03/17 15:27:20","Mato Grosso","Várzea Grande",Psicológico,"Violência moral por motivação religiosa",,"Individual ou até 3 pessoas",Feminino,,,,,,,,,"Oct 1, 2021",,,,32,,,,,,,,,"Individual ou até 3 pessoas",,,,,,,,,,,,,,,,,,
"2022/03/17 15:08:12","Mato Grosso","Alta Floresta",Psicológico,"Violência moral por motivação religiosa",,"Individual ou até 3 pessoas",Feminino,NA,,,,,,,,"Nov 1, 2021",,,,15,,,"Parda (negra)",,,,,,"Individual ou até 3 pessoas",Masculino,Masculino,,,,,14,15,,"Parda (negra)","Parda (negra)",,,,,,,
"2022/03/17 15:06:34","Mato Grosso","Alta Floresta",Psicológico,"Violência moral por motivação religiosa",,"Individual ou até 3 pessoas",Feminino,,,,,,,,,"Nov 1, 2021",,,,34,,,,,,,,,"Individual ou até 3 pessoas",Feminino,,,,,,,,,,,,,,,,,
"2022/03/17 15:03:33","Mato Grosso","Alta Floresta",Psicológico,"Violência moral por motivação religiosa",,"Individual ou até 3 pessoas",Masculino,,,,,,,,,"Nov 1, 2021",,,,51,,,,,,,,,"Individual ou até 3 pessoas",,,,,,,,,,,,,,,,,,
"2022/03/17 15:02:15","Mato Grosso",Araputanga,Psicológico,"Violência moral por motivação religiosa",,"Individual ou até 3 pessoas",Feminino,,,,,,,,,"Nov 1, 2021",,,,11,,,"Preta (negra)",,,,,,"Individual ou até 3 pessoas",,,,,,,,,,,,,,,,,,
"2022/03/17 14:59:18","Mato Grosso",Cáceres,Psicológico,"Violência moral por motivação religiosa",,"Individual ou até 3 pessoas",Feminino,Feminino,,,,,,,,"Nov 1, 2021",,,,9,11,,"Parda (negra)",,,,,,,,,,,,,,,,,,,,,,,,
"2022/03/17 14:57:40","Mato Grosso",Cuiabá,Psicológico,"Violência moral por motivação religiosa",,"Individual ou até 3 pessoas",Masculino,,,,,,,,,"Nov 1, 2021",,,,43,,,,,,,,,"Individual ou até 3 pessoas",Masculino,,,,,,27,,,,,,,,,,,
"2022/03/17 14:55:54","Mato Grosso",Cuiabá,Psicológico,"Violência moral por motivação religiosa",,"Individual ou até 3 pessoas",Masculino,,,,,,,,,"Nov 1, 2021",,,,28,,,,,,,,,"Individual ou até 3 pessoas",Feminino,,,,,,,,,,,,,,,,,
"2022/03/17 14:52:40","Mato Grosso",Cuiabá,Psicológico,"Violência moral por motivação religiosa",,"Grupo ou coletivo",Masculino,Feminino,Feminino,,,,,,,"Nov 1, 2021",,,,18,23,30,,,,,,,"Coletivo ou grupo",Masculino,Feminino,Feminino,,,,35,41,61,,,,,,,,,
"2022/03/17 14:49:53","Mato Grosso","Guarantã do Norte",Psicológico,"Violência moral por motivação religiosa",,"Individual ou até 3 pessoas",Feminino,,,,,,,,,"Nov 1, 2021",,,,29,,,,,,,,,"Individual ou até 3 pessoas",Masculino,,,,,,,,,,,,,,,,,
"2022/03/17 14:47:24","Mato Grosso",Juara,Psicológico,"Violência moral por motivação religiosa",,"Individual ou até 3 pessoas",Masculino,,,,,,,,,"Nov 1, 2021",,,,44,,,Branca,,,,,,"Individual ou até 3 pessoas",,,,,,,,,,,,,,,,,,
"2022/03/17 14:44:45","Mato Grosso","Mirassol D'Oeste",Psicológico,"Violência moral por motivação religiosa",,,,,,,,,,,,"Nov 1, 2021",,,,,,,,,,,,,"Individual ou até 3 pessoas",,,,,,,,,,,,,,,,,,
"2022/03/17 14:41:27","Mato Grosso","Nova Mutum",Psicológico,"Violência moral por motivação religiosa",,"Individual ou até 3 pessoas",Masculino,,,,,,,,,"Nov 1, 2021",,,,26,,,,,,,,,"Individual ou até 3 pessoas",Masculino,,,,,,22,,,,,,,,,,,
"2022/03/17 14:39:41","Mato Grosso","Nova Olímpia",Psicológico,"Violência moral por motivação religiosa",,"Individual ou até 3 pessoas",Feminino,,,,,,,,,"Nov 1, 2021",,,,63,,,"Parda (negra)",,,,,,"Individual ou até 3 pessoas",Feminino,,,,,,60,,,Branca,,,,,,,,
"2022/03/17 14:00:17","Mato Grosso","Pontes e Lacerda",Psicológico,"Violência moral por motivação religiosa",,"Individual ou até 3 pessoas",Masculino,,,,,,,,,"Nov 1, 2021",Homossexual,,,20,,,,,,,,,"Individual ou até 3 pessoas",Masculino,,,,,,64,,,,,,,,,,,
"2022/03/17 13:58:23","Mato Grosso","Rosário Oeste",Psicológico,"Violência moral por motivação religiosa",,"Individual ou até 3 pessoas",Feminino,,,,,,,,,"Nov 1, 2021",,,,36,,,,,,,,,"Individual ou até 3 pessoas",Feminino,,,,,,33,,,,,,,,,,,
"2022/03/17 13:55:00","Mato Grosso","Santo Antônio do Leverger",Psicológico,"Violência moral por motivação religiosa",,"Individual ou até 3 pessoas",Masculino,,,,,,,,,"Nov 1, 2021",Homossexual,,,21,,,,,,,,,"Individual ou até 3 pessoas",Masculino,,,,,,,,,,,,,,,,,
"2022/03/17 13:53:51","Mato Grosso","São José dos Quatro Marcos",Psicológico,"Violência moral por motivação religiosa",,"Individual ou até 3 pessoas",,,,,,,,,,"Nov 1, 2021",,,,,,,,,,,,,"Individual ou até 3 pessoas",Masculino,,,,,,38,,,"Parda (negra)",,,,,,,,
"2022/03/17 13:51:57","Mato Grosso",Sinop,Psicológico,"Violência moral por motivação religiosa",,"Individual ou até 3 pessoas",Masculino,,,,,,,,,"Nov 1, 2021",,,,30,,,,,,,,,,,,,,,,,,,,,,,,,,,
"2022/03/17 13:50:42","Mato Grosso",Sorriso,Psicológico,"Violência moral por motivação religiosa",,"Individual ou até 3 pessoas",Masculino,,,,,,,,,"Nov 1, 2021",,,,20,,,,,,,,,"Individual ou até 3 pessoas",,,,,,,,,,,,,,,,,,
"2022/03/17 13:49:14","Mato Grosso","Várzea Grande",Psicológico,"Violência moral por motivação religiosa",,"Individual ou até 3 pessoas",Feminino,,,,,,,,,"Nov 1, 2021",,,,27,,,,,,,,,,,,,,,,,,,,,,,,,,,
"2022/03/17 13:48:06","Mato Grosso","Várzea Grande",Psicológico,"Violência moral por motivação religiosa",,"Individual ou até 3 pessoas",Feminino,Feminino,,,,,,,,"Nov 1, 2021",,,,20,41,,"Parda (negra)",,,,,,"Individual ou até 3 pessoas",Masculino,Feminino,,,,,58,,,,,,,,,,,
"2022/03/17 13:45:39","Mato Grosso","Várzea Grande",Psicológico,"Violência moral por motivação religiosa",,"Individual ou até 3 pessoas",Feminino,,,,,,,,,"Nov 1, 2021",,,,29,,,,,,,,,"Individual ou até 3 pessoas",Masculino,,,,,,,,,Branca,,,,,,,,
"2022/03/17 13:44:14","Mato Grosso","Várzea Grande",Psicológico,"Violência moral por motivação religiosa",,"Individual ou até 3 pessoas",Feminino,,,,,,,,,"Nov 1, 2021",,,,54,,,,,,,,,"Coletivo ou grupo",Feminino,Feminino,Feminino,,,,52,52,52,Branca,"Parda (negra)","Preta (negra)",,,,,,
"2022/03/17 13:41:22","Mato Grosso","Várzea Grande",Psicológico,"Violência moral por motivação religiosa",,"Individual ou até 3 pessoas",Masculino,,,,,,,,,"Nov 1, 2021",,,,50,,,,,,,,,"Individual ou até 3 pessoas",Feminino,,,,,,45,,,Branca,,,,,,,,
"2022/03/17 13:35:45","Mato Grosso","Água Boa",Psicológico,"Violência moral por motivação religiosa",,"Individual ou até 3 pessoas",Feminino,,,,,,,,,"Dec 1, 2021",,,,27,,,Branca,,,,,,"Individual ou até 3 pessoas",,,,,,,61,,,,,,,,,,,
"2022/03/17 13:28:34","Mato Grosso",Cláudia,Psicológico,"Violência moral por motivação religiosa",,"Individual ou até 3 pessoas",Masculino,,,,,,,,,"Dec 1, 2021",,,,44,,,,,,,,,"Individual ou até 3 pessoas",Feminino,,,,,,,,,Branca,,,,,,,,
"2022/03/17 13:26:44","Mato Grosso",Cocalinho,Psicológico,"Violência moral por motivação religiosa",,"Individual ou até 3 pessoas",Masculino,,,,,,,,,"Dec 1, 2021",,,,38,,,"Preta (negra)",,,,,,"Individual ou até 3 pessoas",Masculino,,,,,,,,,"Preta (negra)",,,,,,,,
"2022/03/16 23:39:31","Mato Grosso",Colíder,Psicológico,"Violência moral por motivação religiosa",,"Individual ou até 3 pessoas",Masculino,,,,,,,,,"Dec 1, 2021",,,,19,,,,,,,,,"Individual ou até 3 pessoas",,,,,,,,,,,,,,,,,,
"2022/03/16 23:37:34","Mato Grosso",Comodoro,Psicológico,"Violência moral por motivação religiosa",,"Individual ou até 3 pessoas",Feminino,,,,,,,,,"Dec 1, 2021",Heterossexual,,,18,,,"Preta (negra)",,,,,,"Individual ou até 3 pessoas",Masculino,,,,,,55,,,"Preta (negra)",,,,,,,,
"2022/03/16 23:35:27","Mato Grosso",Cuiabá,Psicológico,"Violência moral por motivação religiosa",,"Individual ou até 3 pessoas",Masculino,,,,,,,,,"Dec 1, 2021",,,,21,,,,,,,,,"Individual ou até 3 pessoas",Feminino,,,,,,,,,,,,,,,,"Mulher comete intolerância religiosa online contra homem de Cuiabá",
"2022/03/16 23:33:30","Mato Grosso",Cuiabá,Psicológico,"Violência moral por motivação religiosa",,"Individual ou até 3 pessoas",Masculino,,,,,,,,,"Dec 1, 2021",Homossexual,,,26,,,,,,,,,"Individual ou até 3 pessoas",Feminino,,,,,,27,,,,,,,,,,,
"2022/03/16 23:31:44","Mato Grosso",Cuiabá,Psicológico,"Violência moral por motivação religiosa",,"Individual ou até 3 pessoas",Feminino,,,,,,,,,"Dec 1, 2021",,,,22,,,,,,,,,"Individual ou até 3 pessoas",Masculino,,,,,,64,,,,,,,,,,,
"2022/03/16 23:30:25","Mato Grosso",Cuiabá,Psicológico,"Violência moral por motivação religiosa",,"Individual ou até 3 pessoas",Feminino,,,,,,,,,"Dec 1, 2021",,,,,,,,,,,,,,,,,,,,,,,,,,,,,,,
"2022/03/16 23:28:38","Mato Grosso",Cuiabá,Psicológico,"Violência moral por motivação religiosa",,"Grupo ou coletivo",Masculino,Masculino,Masculino,,,,,,,"Dec 1, 2021",,,,32,39,48,"Parda (negra)",,,,,,"Coletivo ou grupo",Feminino,Feminino,Masculino,,,,30,33,36,Branca,,,,,,,,
"2022/03/16 23:11:48","Mato Grosso","Lucas do Rio Verde",Psicológico,"Violência moral por motivação religiosa",,"Individual ou até 3 pessoas",Feminino,,,,,,,,,"Dec 1, 2021",,,,27,,,,,,,,,"Individual ou até 3 pessoas",,,,,,,,,,,,,,,,,,
"2022/03/16 23:09:46","Mato Grosso","Lucas do Rio Verde",Psicológico,"Violência moral por motivação religiosa",,"Individual ou até 3 pessoas",Masculino,,,,,,,,,"Dec 1, 2021",,,,56,,,,,,,,,"Individual ou até 3 pessoas",Feminino,,,,,,,,,Branca,,,,,,,,
"2022/03/16 23:06:24","Mato Grosso","Pontes e Lacerda",Psicológico,"Violência moral por motivação religiosa",,,,,,,,,,,,"Dec 1, 2021",,,,,,,,,,,,,"Individual ou até 3 pessoas",Masculino,,,,,,42,,,"Parda (negra)",,,,,,,,
"2022/03/16 23:03:12","Mato Grosso",Poxoréu,Psicológico,"Violência moral por motivação religiosa",,"Individual ou até 3 pessoas",Masculino,,,,,,,,,"Dec 1, 2021",,,,19,,,,,,,,,"Individual ou até 3 pessoas",Feminino,,,,,,,,,,,,,,,,,
"2022/03/16 23:01:23","Mato Grosso","Primavera do Leste",Psicológico,"Violência moral por motivação religiosa",,"Individual ou até 3 pessoas",Masculino,,,,,,,,,"Dec 1, 2021",,,,19,,,,,,,,,,,,,,,,,,,,,,,,,,,
"2022/03/16 22:59:56","Mato Grosso",Querência,Psicológico,"Violência moral por motivação religiosa",,"Individual ou até 3 pessoas",Feminino,,,,,,,,,"Dec 1, 2021",,,,22,,,,,,,,,"Individual ou até 3 pessoas",Masculino,,,,,,67,,,,,,,,,,,
"2022/03/16 22:58:10","Mato Grosso","Santa Carmen",Psicológico,"Violência moral por motivação religiosa",,"Individual ou até 3 pessoas",Feminino,,,,,,,,,"Dec 1, 2021",,,,36,,,"Parda (negra)",,,,,,"Individual ou até 3 pessoas",Masculino,,,,,,61,,,Branca,,,,,,,,
"2022/03/16 22:56:03","Mato Grosso",Sinop,Psicológico,"Violência moral por motivação religiosa",,"Individual ou até 3 pessoas",Feminino,Feminino,,,,,,,,"Dec 1, 2021",,,,23,48,,,,,,,,"Individual ou até 3 pessoas",Feminino,,,,,,,,,,,,,,,,,
"2022/03/16 22:53:26","Mato Grosso",Sorriso,Psicológico,"Violência moral por motivação religiosa",,,,,,,,,,,,"Dec 1, 2021",,,,,,,,,,,,,"Individual ou até 3 pessoas",Feminino,,,,,,58,,,Branca,,,,,,,,
"2022/03/16 22:50:56","Mato Grosso",Sorriso,Psicológico,"Violência moral por motivação religiosa",,"Individual ou até 3 pessoas",Masculino,,,,,,,,,"Dec 1, 2021",,,,55,,,,,,,,,"Individual ou até 3 pessoas",Masculino,,,,,,,,,,,,,,,,,
"2022/03/16 22:49:44","Mato Grosso",Sorriso,Psicológico,"Violência moral por motivação religiosa",,"Individual ou até 3 pessoas",Masculino,,,,,,,,,"Dec 1, 2021",,,,49,,,"Preta (negra)",,,,,,"Individual ou até 3 pessoas",,,,,,,60,,,Branca,,,,,,,,
"2022/03/16 22:47:38","Mato Grosso","Tangará da Serra",Psicológico,"Violência moral por motivação religiosa",,"Individual ou até 3 pessoas",Masculino,,,,,,,,,"Dec 1, 2021",,,,13,,,,,,,,,"Individual ou até 3 pessoas",,,,,,,,,,,,,,,,,"Adolescente de 13 anos sofre violência moral dentro de uma escola pública",
"2022/03/16 22:45:42","Mato Grosso","Tangará da Serra",Psicológico,"Violência moral por motivação religiosa",,"Individual ou até 3 pessoas",Feminino,,,,,,,,,"Dec 1, 2021",,,,32,,,,,,,,,"Individual ou até 3 pessoas",Feminino,,,,,,45,,,,,,,,,,,
"2022/03/16 22:24:57","Mato Grosso","União do Sul",Psicológico,"Violência moral por motivação religiosa",,"Individual ou até 3 pessoas",Feminino,,,,,,,,,"Dec 1, 2021",,,,30,,,,,,,,,,,,,,,,,,,,,,,,,,,
"2022/03/16 22:23:33","Mato Grosso","Várzea Grande",Psicológico,"Violência moral por motivação religiosa",,"Individual ou até 3 pessoas",Feminino,,,,,,,,,"Dec 1, 2021",,,,30,,,,,,,,,"Individual ou até 3 pessoas",Masculino,,,,,,,,,"Parda (negra)",,,,,,,,
"2022/03/16 22:21:44","Mato Grosso","Várzea Grande",Psicológico,"Violência moral por motivação religiosa",,"Individual ou até 3 pessoas",Feminino,Feminino,,,,,,,,"Dec 1, 2021",,,,23,48,,,,,,,,"Individual ou até 3 pessoas",,,,,,,,,,,,,,,,,,
"2022/03/16 22:19:31","Mato Grosso",Vera,Psicológico,"Violência moral por motivação religiosa",,"Individual ou até 3 pessoas",Masculino,,,,,,,,,"Dec 1, 2021",Homossexual,,,43,,,Branca,,,,,,"Individual ou até 3 pessoas",Masculino,,,,,,,,,,,,,,,,"Homem discrimina religiosamente outro homem em uma fazenda",
"2022/03/16 18:29:49","Mato Grosso","Vila Rica",Psicológico,"Violência moral por motivação religiosa",,"Individual ou até 3 pessoas",Masculino,,,,,,,,,"Dec 1, 2021",,,,25,,,"Parda (negra)",,,,,,"Individual ou até 3 pessoas",Masculino,,,,,,17,,,"Parda (negra)",,,,,,,,
"2022/03/16 18:24:24","Mato Grosso",Cuiabá,Psicológico,"Violência moral por motivação religiosa",,"Individual ou até 3 pessoas",Masculino,,,,,,,,,"Jan 1, 2021",,,,28,,,,,,,,,"Individual ou até 3 pessoas",Feminino,,,,,,,,,,,,,,,,,
"2022/03/16 18:22:46","Mato Grosso",Cuiabá,Psicológico,"Violência moral por motivação religiosa",,"Individual ou até 3 pessoas",Feminino,,,,,,,,,"Jan 1, 2021",,,,50,,,,,,,,,"Individual ou até 3 pessoas",,,,,,,,,,,,,,,,,"Mulher é vítima de intolerância em shopping center",
"2022/03/16 18:20:22","Mato Grosso","Tangará da Serra",Psicológico,"Violência moral por motivação religiosa",,"Individual ou até 3 pessoas",Masculino,,,,,,,,,"Jan 1, 2021",,,,8,,,"Parda (negra)",,,,,,"Individual ou até 3 pessoas",Masculino,,,,,,30,,,"Parda (negra)",,,,,,,,
"2022/03/16 18:14:32","Mato Grosso",Cuiabá,Psicológico,"Violência moral por motivação religiosa",,"Individual ou até 3 pessoas",Feminino,,,,,,,,,"Feb 1, 2021",Homossexual,,,40,,,"Preta (negra)",,,,,,"Individual ou até 3 pessoas",Feminino,Feminino,,Heterossexual,Heterossexual,,29,,,"Parda (negra)",Branca,,,,,,,
"2022/03/16 18:07:15","Mato Grosso",Cuiabá,Psicológico,"Violência moral por motivação religiosa",,"Individual ou até 3 pessoas",Feminino,,,,,,,,,"Feb 1, 2021",,,,37,,,,,,,,,"Individual ou até 3 pessoas",Masculino,,,,,,,,,,,,,,,,,
"2022/03/16 18:04:05","Mato Grosso",Rondonópolis,Psicológico,"Violência moral por motivação religiosa",,"Grupo ou coletivo",Masculino,Masculino,Feminino,,,,,,,"Feb 1, 2021",,,,5,10,37,"Parda (negra)",Branca,"Parda (negra)",,,,"Individual ou até 3 pessoas",Masculino,,,,,,31,,,Branca,,,,,,,"Grupo de 3 crianças e 2 adultos é alvo de discriminação de um homem branco em Rondonópolis",
"2022/03/16 17:59:50","Mato Grosso","Tangará da Serra",Psicológico,"Violência moral por motivação religiosa",,"Individual ou até 3 pessoas",Masculino,,,,,,,,,"Feb 1, 2021",,,,44,,,,,,,,,"Individual ou até 3 pessoas",,,,,,,,,,,,,,,,,"O agressor (não identificado) discriminou um homem na rodoviária de Tangará da Serra",
"2022/03/16 17:57:17","Mato Grosso","Nova Mutum",Psicológico,"Violência moral por motivação religiosa",,"Individual ou até 3 pessoas",Feminino,,,,,,,,,"Apr 1, 2021",Heterossexual,,,27,,,"Preta (negra)",,,,,,"Individual ou até 3 pessoas",Feminino,,,,,,,,,Branca,,,,,,,,
"2022/03/16 17:55:19","Mato Grosso",Sinop,Psicológico,"Violência moral por motivação religiosa",,,,,,,,,,,,"Apr 1, 2021",,,,,,,,,,,,,"Individual ou até 3 pessoas",Masculino,,,,,,36,,,"Preta (negra)",,,,,,,,
"2022/03/16 17:48:22","Mato Grosso",Cuiabá,Psicológico,"Violência moral por motivação religiosa",,"Individual ou até 3 pessoas",Feminino,,,,,,,,,"May 1, 2021",,,,20,,,,,,,,,"Individual ou até 3 pessoas",Masculino,,,Heterossexual,,,28,,,"Parda (negra)",,,,,,,,
"2022/03/16 17:46:44","Mato Grosso",Cuiabá,Psicológico,"Violência moral por motivação religiosa",,"Individual ou até 3 pessoas",Feminino,,,,,,,,,"May 1, 2021",,,,35,,,,,,,,,"Individual ou até 3 pessoas",Masculino,,,,,,,,,,,,,,,,"Em crime de intolerância virtual, homem ofende mulher",
"2022/03/16 17:43:48","Mato Grosso",Cuiabá,Psicológico,"Violência moral por motivação religiosa",,"Individual ou até 3 pessoas",Masculino,,,,,,,,,"May 1, 2021",,,,43,,,,,,,,,"Individual ou até 3 pessoas",Feminino,,,,,,,,,Branca,,,,,,,,
"2022/03/16 17:40:00","Mato Grosso",Jaciara,Psicológico,"Violência moral por motivação religiosa",,"Individual ou até 3 pessoas",Masculino,,,,,,,,,"May 1, 2021",,,,26,,,"Parda (negra)",,,,,,"Individual ou até 3 pessoas",Feminino,,,,,,42,,,"Parda (negra)",,,,,,,,
"2022/03/16 17:37:20","Mato Grosso",Cuiabá,Psicológico,"Violência moral por motivação religiosa",,"Individual ou até 3 pessoas",Feminino,,,,,,,,,"Jun 1, 2021",,,,30,,,,,,,,,"Individual ou até 3 pessoas",Feminino,Feminino,,,,,,,,,,,,,,,,
"2022/03/16 17:35:10","Mato Grosso",Cuiabá,Psicológico,"Violência moral por motivação religiosa",,"Individual ou até 3 pessoas",Masculino,,,,,,,,,"Jun 1, 2021",,,,32,,,,,,,,,"Individual ou até 3 pessoas",Feminino,,,,,,,,,,,,,,,,,
"2022/03/16 16:56:39","Mato Grosso",Cuiabá,Psicológico,"Violência moral por motivação religiosa",,"Individual ou até 3 pessoas",Feminino,,,,,,,,,"Jun 1, 2021",,,,70,,,,,,,,,"Individual ou até 3 pessoas",Masculino,,,,,,,,,,,,,,,,,
"2022/03/16 16:54:31","Mato Grosso",Cuiabá,Psicológico,"Violência moral por motivação religiosa",,"Individual ou até 3 pessoas",Masculino,,,,,,,,,"Jun 1, 2021",,,,24,,,,,,,,,"Individual ou até 3 pessoas",,,,,,,,,,,,,,,,,,
"2022/03/16 16:52:29","Mato Grosso","Pontes e Lacerda",Psicológico,"Violência moral por motivação religiosa",,"Individual ou até 3 pessoas",Masculino,,,,,,,,,"Jun 1, 2021",Homossexual,,,18,,,"Parda (negra)",,,,,,"Individual ou até 3 pessoas",Feminino,,,,,,39,,,,,,,,,,,
"2022/03/16 16:43:11","Mato Grosso","Várzea Grande",Psicológico,"Violência moral por motivação religiosa",,"Individual ou até 3 pessoas",Masculino,,,,,,,,,"Jun 1, 2021",,,,70,,,,,,,,,"Individual ou até 3 pessoas",,,,,,,,,,,,,,,,,,
"2022/03/16 16:39:02","Mato Grosso",Cuiabá,Psicológico,"Violência moral por motivação religiosa",,"Individual ou até 3 pessoas",Masculino,,,,,,,,,"Jul 1, 2021",,,,70,,,"Parda (negra)",,,,,,"Individual ou até 3 pessoas",,Masculino,,,,,,,,,,,,,,,,
"2022/03/16 16:30:21","Mato Grosso","Nova Mutum",Psicológico,"Violência moral por motivação religiosa",,"Individual ou até 3 pessoas",Feminino,,,,,,,,,"Jul 1, 2021",Heterossexual,,,22,,,"Preta (negra)",,,,,,"Individual ou até 3 pessoas",Masculino,,,Heterossexual,,,25,,,"Preta (negra)",,,,,,,,
"2022/03/16 16:28:22","Mato Grosso",Sorriso,Psicológico,"Violência moral por motivação religiosa",,"Individual ou até 3 pessoas",Masculino,,,,,,,,,"Jul 1, 2021",,,,23,,,,,,,,,"Individual ou até 3 pessoas",,,,,,,,,,,,,,,,,,
"2022/03/16 16:27:00","Mato Grosso","Várzea Grande",Psicológico,"Violência moral por motivação religiosa",,"Individual ou até 3 pessoas",Masculino,,,,,,,,,"Jul 1, 2021",,,,62,,,,,,,,,"Individual ou até 3 pessoas",,,,,,,,,,,,,,,,,,
"2022/03/16 16:22:30","Mato Grosso",Cuiabá,Psicológico,"Violência moral por motivação religiosa",,"Individual ou até 3 pessoas",Masculino,,,,,,,,,"Aug 1, 2021",,,,36,,,,,,,,,"Individual ou até 3 pessoas",Feminino,,,,,,,,,"Parda (negra)",,,,,,,,
"2022/03/16 16:18:53","Mato Grosso",Cuiabá,Psicológico,"Violência moral por motivação religiosa",,"Individual ou até 3 pessoas",Feminino,,,,,,,,,"Aug 1, 2021",,,,45,,,,,,,,,"Individual ou até 3 pessoas",Masculino,,,,,,52,,,,,,,,,,,
"2022/03/16 16:10:24","Mato Grosso","Peixoto de Azevedo",Psicológico,"Violência moral por motivação religiosa",,"Individual ou até 3 pessoas",Masculino,,,,,,,,,"Aug 1, 2021",,,,34,,,,,,,,,"Individual ou até 3 pessoas",,,,,,,,,,,,,,,,,,
"2022/03/16 16:08:51","Mato Grosso","Alta Floresta",Psicológico,"Violência moral por motivação religiosa",,"Individual ou até 3 pessoas",Masculino,,,,,,,,,"Sep 1, 2021",,,,31,,,,,,,,,"Individual ou até 3 pessoas",Masculino,,,,,,,,,,,,,,,,"Um homem ofende o outro em ato de intolerância religiosa em posto de gasolina",
"2022/03/16 15:12:47","Mato Grosso",Cuiabá,Psicológico,"Violência moral por motivação religiosa",,"Individual ou até 3 pessoas",Feminino,Masculino,,,,,,,,"Sep 1, 2021",,,,20,38,,,,,,,,"Individual ou até 3 pessoas",,Masculino,,,,,,29,,,,,,,,,,
"2022/03/16 15:09:51","Mato Grosso","Nova Canaã do Norte",Psicológico,"Violência moral por motivação religiosa",,"Individual ou até 3 pessoas",Masculino,,,,,,,,,"Sep 1, 2021",,,,20,,,"Parda (negra)",,,,,,"Individual ou até 3 pessoas",,,,,,,,,,,,,,,,,,
"2022/03/16 15:07:52","Mato Grosso",Poconé,Psicológico,"Violência moral por motivação religiosa",,"Individual ou até 3 pessoas",Masculino,NA,,,,,,,,"Sep 1, 2021",,,,45,,,,,,,,,"Individual ou até 3 pessoas",Masculino,,,,,,24,,,,,,,,,,,
"2022/03/16 15:02:33","Mato Grosso","Pontes e Lacerda",Psicológico,"Violência moral por motivação religiosa",,"Individual ou até 3 pessoas",Feminino,Masculino,,,,,,,,"Sep 1, 2021",,,,45,42,,"Preta (negra)","Preta (negra)",,,,,"Individual ou até 3 pessoas",Feminino,Feminino,Feminino,,,,29,54,,"Parda (negra)",,"Parda (negra)",,,,,"Em uma residência, três mulheres discriminam homem e mulher",
"2022/03/16 14:58:12","Mato Grosso","Várzea Grande",Psicológico,"Violência moral por motivação religiosa",,"Individual ou até 3 pessoas",Masculino,,,,,,,,,"Sep 1, 2021",,,,49,,,,,,,,,"Individual ou até 3 pessoas",,,,,,,,,,,,,,,,,,
"2022/03/16 14:51:54","Mato Grosso","Água Boa",Psicológico,"Violência moral por motivação religiosa",,"Individual ou até 3 pessoas",,,,,,,,,,"Oct 1, 2021",,,,,,,,,,,,,"Individual ou até 3 pessoas",Masculino,,,,,,34,,,,,,,,,,,
"2022/03/16 14:44:49","Mato Grosso",Brasnorte,Psicológico,"Violência moral por motivação religiosa",,"Individual ou até 3 pessoas",Feminino,,,,,,,,,"Oct 1, 2021",,,,4,,,,,,,,,"Individual ou até 3 pessoas",,,,,,,,,,,,,,,,,,
"2022/03/16 14:42:27","Mato Grosso",Cuiabá,Psicológico,"Violência moral por motivação religiosa",,"Individual ou até 3 pessoas",Masculino,,,,,,,,,"Oct 1, 2021",,,,27,,,,,,,,,"Individual ou até 3 pessoas",,,,,,,,,,,,,,,,,,
"2022/03/16 14:40:02","Mato Grosso",Cuiabá,Psicológico,"Violência moral por motivação religiosa",,"Individual ou até 3 pessoas",Feminino,,,,,,,,,"Oct 1, 2021",NA,,,72,,,"Parda (negra)",,,,,,,,,,,,,,,,"Parda (negra)",,,,,,,,
"2022/03/16 14:37:03","Mato Grosso","Nova Xavantina",Psicológico,"Violência moral por motivação religiosa",,"Individual ou até 3 pessoas",Feminino,,,,,,,,,"Oct 1, 2021",Heterossexual,,,32,,,"Parda (negra)",,,,,,"Individual ou até 3 pessoas",Feminino,,,,,,31,,,,,,,,,,"Dentro de loja, uma mulher discrimina a outra",
"2022/03/16 14:28:08","Mato Grosso","Várzea Grande",Psicológico,"Violência moral por motivação religiosa",,"Individual ou até 3 pessoas",Masculino,,,,,,,,,"Oct 1, 2021",,,,37,,,,,,,,,"Individual ou até 3 pessoas",Feminino,,,,,,,,,,,,,,,,,
"2022/03/16 14:25:23","Mato Grosso",Cuiabá,Psicológico,"Violência moral por motivação religiosa",,"Individual ou até 3 pessoas",,Masculino,,,,,,,,"Nov 1, 2021",,,,,43,,,,,,,,"Individual ou até 3 pessoas",Masculino,,,,,,27,,,,,,,,,,"Dentro de igreja, homem discrimina duas outras pessoas",
"2022/03/16 14:00:04","Mato Grosso",Cuiabá,Psicológico,"Violência moral por motivação religiosa",,"Individual ou até 3 pessoas",Masculino,,,,,,,,,"Dec 1, 2021",,,,21,,,,,,,,,"Individual ou até 3 pessoas",Feminino,,,,,,,,,,,,,,,,"Mais um caso de crime virtual com poucas informações sobre o agressor. Dessa vez uma mulher proferiu ofensas contra um jovem de 21 anos.",
"2022/03/16 13:46:12","Mato Grosso","Figueirópolis D'Oeste",Psicológico,"Violência moral por motivação religiosa",,"Individual ou até 3 pessoas",Masculino,,,,,,,,,"May 1, 2021",,,,17,,,"Preta (negra)",,,,,,"Individual ou até 3 pessoas",Masculino,,,,,,35,,,"Parda (negra)",,,,,,,"Homem ofende adolescente dentro de uma residência particular",
"2022/03/16 13:43:14","Mato Grosso",Rondonópolis,Psicológico,"Violência moral por motivação religiosa",,"Individual ou até 3 pessoas",Feminino,,,,,,,,,"Jun 1, 2021",,,,51,,,,,,,,,"Individual ou até 3 pessoas",,,,,,,,,,,,,,,,,"Mulher de 51 anos é alvo de ofensas na internet. O agressor não foi identificado.",
"2022/03/16 11:03:13",Pernambuco,"SANTA CRUZ DO CAPIBARIBE",NA,NA,,"Individual ou até 3 pessoas",NA,NA,NA,,,,,,,"Sep 1, 2021",NA,NA,NA,,,,,,,,,,,,,,,,,,,,,,,,,,,,
"2022/03/16 11:02:02",Pernambuco,Recife,NA,NA,,"Individual ou até 3 pessoas",Feminino,,,,,,,,,"Oct 1, 2021",NA,NA,NA,47,,,"Parda (negra)",,,,,,,,,,,,,,,,,,,,,,,,
"2022/03/16 11:00:42",Pernambuco,BUIQUE,NA,NA,,"Individual ou até 3 pessoas",Masculino,NA,NA,,,,,,,"Nov 1, 2021",NA,NA,NA,,,,Branca,,,,,,,,,,,,,,,,,,,,,,,,
"2022/03/16 10:58:20",Pernambuco,Recife,NA,NA,,"Individual ou até 3 pessoas",Feminino,NA,NA,,,,,,,"Nov 1, 2021",Homossexual,NA,NA,52,,,"Parda (negra)",,,,,,,,,,,,,,,,,,,,,,,,
"2022/03/16 10:56:04",Pernambuco,BUIQUE,NA,NA,,"Individual ou até 3 pessoas",Feminino,NA,NA,,,,,,,"Nov 1, 2021",NA,NA,NA,61,,,Branca,,,"  ",,,,,,,,,,,,,,,,,,,,,
"2022/03/16 10:50:24",Pernambuco,RECIFE,NA,NA,,"Individual ou até 3 pessoas",Feminino,NA,NA,,,,,,,"Nov 1, 2021",NA,NA,NA,21,,,"Parda (negra)",,,,,,,,,,,,,,,,,,,,,,,,
"2022/03/16 10:25:51",Pernambuco,Petrolina,NA,NA,,"Individual ou até 3 pessoas",Masculino,NA,NA,,,,,,,"May 1, 2021",NA,NA,NA,48,,,Branca,,,,,,,,,,,,,,,,,,,,,,,,
"2022/03/16 10:23:55",Pernambuco,"JABOATAO DOS GUARARAPES",NA,NA,,"Individual ou até 3 pessoas",Feminino,NA,NA,,,,,,,"Jul 1, 2021",NA,NA,NA,30,,,"Parda (negra)",,,,,,,,,,,,,,,,,,,,,,,,
"2022/03/16 10:21:01",Pernambuco,FLORES,NA,NA,,"Individual ou até 3 pessoas",NA,NA,NA,,,,,,,"Jul 1, 2021",NA,NA,NA,,,,,,,,,,,,,,,,,,,,,,,,,,,,
"2022/03/16 10:09:20",Pernambuco,CALCADO,NA,NA,,"Individual ou até 3 pessoas",Masculino,NA,,,,,,,,"Feb 1, 2021",NA,NA,NA,17,,,,,,,,,,,,,,,,,,,,,,,,,,,
"2022/03/16 10:07:53",Pernambuco,"SANTA CRUZ DO CAPIBARIBE",NA,NA,,"Individual ou até 3 pessoas",NA,NA,NA,,,,,,,"Aug 1, 2021",NA,NA,NA,,,,,,,,,,,,,,,,,,,,,,,,,,,,
"2022/03/16 10:04:33",Pernambuco,SERTANIA,NA,NA,,"Individual ou até 3 pessoas",Masculino,NA,NA,,,,,,,"Apr 1, 2021",NA,NA,NA,24,,,Branca,,,,,,,,,,,,,,,,,,,,,,,,
"2022/03/16 10:02:50",Pernambuco,"AGUA PRETA",NA,NA,,"Individual ou até 3 pessoas",Masculino,NA,NA,,,,,,,"Apr 1, 2021",NA,NA,NA,23,,,"Parda (negra)",,,,,,,,,,,,,,,,,,,,,,,,
"2022/03/16 10:00:45",Pernambuco,SERTANIA,NA,NA,,"Individual ou até 3 pessoas",Feminino,NA,NA,,,,,,,"Apr 1, 2021",NA,NA,NA,37,,,Branca,,,,,,,NA,NA,NA,NA,NA,NA,,,,,,,,,,,,
"2022/03/16 09:53:37",Pernambuco,"SAO LOURENCO DA MATA",NA,NA,,"Individual ou até 3 pessoas",Feminino,NA,NA,,,,,,,"Sep 1, 2020",NA,NA,NA,35,,,"Parda (negra)",,,,,,,NA,,,,,,,,,,,,,,,,,
"2022/03/16 09:50:26",Pernambuco,PARNAMIRIM,NA,NA,,"Individual ou até 3 pessoas",Feminino,NA,NA,,,,,,,"Oct 1, 2020",NA,NA,NA,52,,,"Parda (negra)",,,,,,,,,,,,,,,,,,,,,,,,
"2022/03/16 09:48:09",Pernambuco,ARARIPINA,NA,NA,,"Individual ou até 3 pessoas",NA,NA,NA,,,,,,,"Nov 1, 2020",NA,NA,NA,,,,,,,,,,,,,,,,,,,,,,,,,,,,
"2022/03/16 09:46:39",Pernambuco,"JABOATAO DOS GUARARAPES",NA,NA,,"Individual ou até 3 pessoas",Masculino,NA,NA,,,,,,,"Nov 1, 2020",NA,NA,NA,32,,,Branca,,,,,,,,,,,,,,,,,,,,,,,,
"2022/03/16 09:39:46",Pernambuco,"Rio Formoso",NA,NA,,"Individual ou até 3 pessoas",Feminino,NA,NA,,,,,,,"Nov 1, 2020",NA,NA,NA,15,,,"Parda (negra)",,,,,,,NA,NA,NA,NA,NA,NA,,,,,,,,,,,,
"2022/03/16 09:36:40",Pernambuco," Olinda",NA,NA," ","Individual ou até 3 pessoas",NA,NA,NA,,,,,,,"Mar 1, 2020",NA,NA,NA,,,,,,,,,,,NA,NA,NA,NA,NA,NA,,,,,,,,,,,,
"2022/03/15 21:46:35",Pernambuco,Barreiros,,,,"Individual ou até 3 pessoas",Masculino,,,,,,,,,"May 1, 2020",,,,36,,,,,,,,,,,,,,,,,,,,,,,,,,,
"2022/03/15 21:44:33",Pernambuco,Caruaru,NA,,,"Individual ou até 3 pessoas",Feminino,,,,,,,,,"Jun 1, 2020",Heterossexual,,,32,,,,,,,,,,,,,,,,32,,,,,,,,,,,
"2022/03/15 21:41:47",Pernambuco,"Frei Miguelinho",NA,NA,,"Individual ou até 3 pessoas",Feminino,NA,NA,,,,,,,"Sep 1, 2019",Heterossexual,NA,NA,81,,,,"Preta (negra)",,"  ",,,,,,,,,,,,,,,,,,,,,
"2022/03/15 21:39:24",Pernambuco,Recife,NA,NA,,"Individual ou até 3 pessoas",Feminino,,,,,,,,,"Sep 1, 2019",NA,,,,,,"Parda (negra)",,,,,,,,,,,,,,,,,,,,,,,,
"2022/03/15 21:36:56",Pernambuco,Canhotim,NA,NA,,"Individual ou até 3 pessoas",NA,NA,NA,,,,,,,"Sep 1, 2019",NA,NA,NA,,,,"Parda (negra)",Branca,,,,,,,,,,,,,,,,,,,," ",,,
"2022/03/15 21:31:15",Pernambuco,Petrolina,NA,NA,,"Individual ou até 3 pessoas",Feminino,,,,,,,,,"Oct 1, 2019",Heterossexual,,,59,,,Branca,,,,,,,,,,,,,,,,,,,,,,,,
"2022/03/15 21:27:14",Pernambuco,Paulista,NA,NA,,"Individual ou até 3 pessoas",Masculino,,,,,,,,,"Mar 1, 2019",NA,,,67,,,"Preta (negra)",,,,,,,,,,,,,,,,,,,,,,,,
"2022/03/15 21:25:26",Pernambuco,Paulista,NA,NA,,"Individual ou até 3 pessoas",Feminino,NA,NA,,,,,,,"Mar 1, 2019",NA,NA,NA,64,,,Branca,,,,,,,,,,,,,,,,,,,,,,,,
"2022/03/15 20:55:18",Pernambuco,Carnaiba,NA,NA,,"Individual ou até 3 pessoas",Masculino,NA,NA,,,,,,,"Aug 1, 2019",NA,,,25,,,"Parda (negra)",,,,,,,,,,,,,,,,,,,,,,,,
"2022/03/15 18:52:42","Mato Grosso",Tapurah,Psicológico,"Violência moral por motivação religiosa",,"Individual ou até 3 pessoas",,,,,,,,,,"Jun 1, 2021",,,,,,,,,,,,,"Individual ou até 3 pessoas",Masculino,,,,,,,,,,,,,,,,,
"2022/03/15 18:49:17","Mato Grosso",Rondonópolis,Psicológico,"Violência moral por motivação religiosa",,"Individual ou até 3 pessoas",Masculino,,,,,,,,,"Sep 1, 2021",,,,25,,,,,,,,,"Individual ou até 3 pessoas",Feminino,,,,,,,,,Branca,,,,,,,,202
"2022/03/15 18:41:06","Mato Grosso","Vila Bela Santíssima Trindade",Psicológico,"Violência moral por motivação religiosa",,"Individual ou até 3 pessoas",Feminino,,,,,,,,,"Oct 1, 2021",Heterossexual,,,62,,,"Preta (negra)",,,,,,"Individual ou até 3 pessoas",Masculino,,,,,,,,,Branca,,,,,,,,
"2022/03/15 18:32:37","Mato Grosso","Ribeirão Cascalheira",Psicológico,"Violência moral por motivação religiosa",,"Individual ou até 3 pessoas",Masculino,,,,,,,,,"Nov 1, 2021",Heterossexual,,,38,,,"Preta (negra)",,,,,,"Individual ou até 3 pessoas",Feminino,,,Heterossexual,,,52,,,"Parda (negra)",,,,,,,,
"2022/03/15 18:18:42","Mato Grosso",Cuiabá,Psicológico,"Violência moral por motivação religiosa",,"Individual ou até 3 pessoas",Masculino,,,,,,,,,"Feb 1, 2021",,,,44,,,"Parda (negra)",,,,,,"Individual ou até 3 pessoas",Feminino,Masculino,,,,,54,45,,"Parda (negra)",,,,,,,,
"2022/03/11 17:28:16","Mato Grosso",Cuiabá,Psicológico,"Violência moral por motivação religiosa",,"Individual ou até 3 pessoas",Feminino,,,,,,,,,"Feb 1, 2021",,,,78,,,,,,,,,"Individual ou até 3 pessoas",Feminino,,,,,,54,,,"Parda (negra)",,,,,,,,
"2022/03/11 17:22:43","Mato Grosso",Cuiabá,Psicológico,"Violência moral por motivação religiosa",,"Individual ou até 3 pessoas",Feminino,,,,,,,,,"Mar 1, 2021",,,,78,,,,,,,,,"Individual ou até 3 pessoas",Masculino,,,,,,59,,,,,,,,,,,
"2022/03/11 17:19:59","Mato Grosso",Rondonópolis,Psicológico,"Violência moral por motivação religiosa",,"Individual ou até 3 pessoas",Feminino,,,,,,,,,"Mar 1, 2021",,,,37,,,Branca,,,,,,"Individual ou até 3 pessoas",Feminino,,,,,,39,,,"Preta (negra)",,,,,,,"Mulher preta discrimina religiosamente mulher branca",
"2022/03/11 17:15:56","Mato Grosso",Cuiabá,Psicológico,"Violência moral por motivação religiosa",,"Individual ou até 3 pessoas",Masculino,Feminino,,,,,,,,"Apr 1, 2021",,,,55,67,,,"Parda (negra)",,,,,"Individual ou até 3 pessoas",Masculino,Masculino,,,,,57,,,,,,,,,,"Dentro de uma residência, dupla de homens ofende um homem e uma mulher",
"2022/03/11 17:10:36","Mato Grosso","Lucas do Rio Verde",Psicológico,"Violência moral por motivação religiosa",,"Individual ou até 3 pessoas",Feminino,,,,,,,,,"Jun 1, 2021",Heterossexual,,,29,,,"Preta (negra)",,,,,,"Individual ou até 3 pessoas",,,,,,,,,,,,,,,,,,
"2022/03/11 17:06:52","Mato Grosso",Cuiabá,Psicológico,"Violência moral por motivação religiosa",,"Individual ou até 3 pessoas",Masculino,,,,,,,,,"Jul 1, 2021",,,,70,,,"Parda (negra)",,,,,,"Individual ou até 3 pessoas",,Feminino,,,,,,,,"Parda (negra)","Parda (negra)",,,,,,"Dupla agride verbalmente idoso dentro de uma residência particular",
"2022/03/11 16:59:04","Mato Grosso",Cuiabá,Psicológico,"Violência psicológica por motivação religiosa
Violência moral por motivação religiosa",,"Individual ou até 3 pessoas",Masculino,Masculino,Masculino,,,,,,,"Sep 1, 2021",Heterossexual,,,29,36,50,"Preta (negra)",,,,,,"Individual ou até 3 pessoas",Masculino,,,Heterossexual,,,27,,,"Parda (negra)",,,,,,,"Homem agride verbalmente três vítimas no meio da rua",
"2022/03/11 16:54:42","Mato Grosso",Cuiabá,Psicológico,"Violência moral por motivação religiosa",,"Individual ou até 3 pessoas",Masculino,,,,,,,,,"Sep 1, 2021",,,,50,,,,,,,,,"Individual ou até 3 pessoas",Masculino,,,,,,,,,"Parda (negra)",,,,,,,"Homem pardo ofende outro homem no meio da rua",
"2022/03/11 16:26:18","Mato Grosso",Cuiabá,Psicológico,"Violência moral por motivação religiosa",,"Individual ou até 3 pessoas",Masculino,,,,,,,,,"Sep 1, 2021",,,,50,,,,,,,,,"Individual ou até 3 pessoas",Masculino,,,,,,,,,"Parda (negra)",,,,,,,,
"2022/03/11 15:44:42","Mato Grosso","Pontes e Lacerda",Psicológico,"Violência moral por motivação religiosa",,"Individual ou até 3 pessoas",Masculino,,,,,,,,,"Oct 1, 2021",,,,11,,,"Preta (negra)",,,,,,"Individual ou até 3 pessoas",Feminino,,,,,,25,,,"Parda (negra)",,,,,,,"Mulher parda discrimina religiosamente uma criança dentro de uma residência particular",
"2022/03/11 15:40:37","Mato Grosso","Pontes e Lacerda",Psicológico,"Violência moral por motivação religiosa",,"Individual ou até 3 pessoas",Feminino,,,,,,,,,"Oct 1, 2021",,,,44,,,"Preta (negra)",,,,,,"Individual ou até 3 pessoas",Masculino,,,,,,34,,,"Parda (negra)",,,,,,,"Um homem pardo discriminou uma mulher preta dentro de uma residência por motivações religiosas",
"2022/03/11 15:34:09","Mato Grosso",Cuiabá,Psicológico,"Violência moral por motivação religiosa",,"Individual ou até 3 pessoas",Masculino,,,,,,,,,"Nov 1, 2021",,,,26,,,,,,,,,"Individual ou até 3 pessoas",Feminino,,,,,,23,,,,,,,,,,,
"2022/03/11 15:32:33","Mato Grosso",Cuiabá,Psicológico,"Violência moral por motivação religiosa",,"Individual ou até 3 pessoas",Masculino,,,,,,,,,"Nov 1, 2021",,,,29,,,,,,,,,"Individual ou até 3 pessoas",Masculino,,,,,,47,,,Branca,,,,,,,,
"2022/03/11 15:21:59","Mato Grosso",Cuiabá,Psicológico,"Violência moral por motivação religiosa",,"Individual ou até 3 pessoas",Feminino,,,,,,,,,"Dec 1, 2021",,,,12,,,,,,,,,"Individual ou até 3 pessoas",Feminino,Masculino,,,,,55,60,,"Parda (negra)",,,,,,,"Dupla discrimina criança de 12 anos dentro de residência particular",
"2022/03/11 15:16:16","Mato Grosso","Várzea Grande",Psicológico,"Violência moral por motivação religiosa",,"Individual ou até 3 pessoas",Feminino,,,,,,,,,"Dec 1, 2021",,,,58,,,,,,,,,"Individual ou até 3 pessoas",,Masculino,,,,,,,,,,,,,,,"Duas pessoas discriminam uma mulher em supermercado de Várzea Grande.",
"2022/03/11 15:11:55","Mato Grosso",Cuiabá,Físico,"Violência psicológica por motivação religiosa
Violência física por motivação religiosa",,"Individual ou até 3 pessoas",Masculino,,,,,,,,,"Jan 1, 2021",,,,38,,,"Parda (negra)",,,,,,"Individual ou até 3 pessoas",Masculino,,,,,,29,,,,,,,,,,"Homem de 29 anos pratica tortura em outro homem por intolerância à raça ou religião da vítima",
"2022/03/10 18:51:23",Goiás,Luziânia,,"Violência relativa a pratica de atos/ritos religiosos","Art. 208 do Código Penal","Individual ou até 3 pessoas",Masculino,,,,,,,,,"Jan 1, 2021",,,,35,,,,,,,,,"Individual ou até 3 pessoas",,,,,,,,,,,,,,,,,,
"2022/03/10 18:49:39",Goiás,Luziânia,,"Violência relativa a pratica de atos/ritos religiosos","Art. 208 do Código Penal","Individual ou até 3 pessoas",Masculino,,,,,,,,,"Jan 1, 2021",,,,35,,,"Parda (negra)",,,,,,"Individual ou até 3 pessoas",Masculino,Masculino,,,,,35,35,,,,,,,,,,
"2022/03/10 18:47:29",Goiás,"Águas Lindas",,"Violência relativa a pratica de atos/ritos religiosos","Art. 208 do Código Penal","Individual ou até 3 pessoas",Masculino,,,,,,,,,"Jan 1, 2021",,,,35,,,"Parda (negra)",,,,,,"Individual ou até 3 pessoas",Feminino,,,,,,,,,"Parda (negra)",,,,,,,,
"2022/03/10 18:44:02",Goiás,Goiânia,,"Violência relativa a pratica de atos/ritos religiosos","Art. 208 do Código Penal","Individual ou até 3 pessoas",Masculino,,,,,,,,,"Jan 1, 2021",,,,65,,,,,,,,,"Individual ou até 3 pessoas",Masculino,,,,,,,,,,,,,,,,,
"2022/03/10 18:40:42",Goiás,Luziânia,,"Violência relativa a pratica de atos/ritos religiosos","Art. 208 do Código Penal","Individual ou até 3 pessoas",,Masculino,,,,,,,,"Jan 1, 2021",,,,,25,,,Branca,,,,,"Individual ou até 3 pessoas",Masculino,,,,,,,,,,,,,,,,,
"2022/03/10 18:35:34",Goiás,Goianésia,,"Violência relativa a pratica de atos/ritos religiosos","Art. 208 do Código Penal","Individual ou até 3 pessoas",,Masculino,,,,,,,,"Jan 1, 2021",,,,,35,,,,,,,,"Individual ou até 3 pessoas",Masculino,,,,,,35,,,,,,,,,,,
"2022/03/10 18:31:58",Goiás,Anápolis,,"Violência relativa a pratica de atos/ritos religiosos","Art. 208 do Código Penal","Individual ou até 3 pessoas",Feminino,,,,,,,,,"Jan 1, 2021",,,,18,,,,,,,,,"Individual ou até 3 pessoas",Feminino,Feminino,,,,,,,,,,,,,,,,
"2022/03/10 18:16:34",Goiás,Formosa,,"Violência relativa a pratica de atos/ritos religiosos","Art. 208 do Código Penal","Individual ou até 3 pessoas",Masculino,,,,,,,,,"Jan 1, 2021",,,,25,,,"Parda (negra)",,,,,,"Individual ou até 3 pessoas",Masculino,Masculino,Masculino,,,,,,,"Parda (negra)","Parda (negra)","Parda (negra)",,,,,,
"2022/03/10 18:13:25",Goiás,Goiânia,,"Violência relativa a pratica de atos/ritos religiosos","Art. 208 do Código Penal","Individual ou até 3 pessoas",Masculino,,,,,,,,,"Jan 1, 2021",,,,25,,,"Asiática (amarela)",,,,,,"Individual ou até 3 pessoas",Masculino,,,,,,35,,,"Preta (negra)",,,,,,,,
"2022/03/10 16:40:08",Goiás,"Caldas Novas",,"Violência relativa a pratica de atos/ritos religiosos","Art. 208 do Código Penal","Individual ou até 3 pessoas",Masculino,,,,,,,,,"Jan 1, 2021",,,,35,,,,,,,,,"Individual ou até 3 pessoas",Masculino,,,,,,,,,,,,,,,,,
"2022/03/10 16:38:05",Goiás,Goiânia,,"Violência relativa a pratica de atos/ritos religiosos","Art. 208 do Código Penal","Individual ou até 3 pessoas",Masculino,,,,,,,,,"Jan 1, 2021",,,,35,,,,,,,,,"Individual ou até 3 pessoas",,,,,,,,,,,,,,,,,,
"2022/03/10 16:37:49",Acre,"Rodrigues Alves",Psicológico,"Violência psicológica por motivação religiosa","Ameaça e difamação","Individual ou até 3 pessoas",Feminino,,,,,,,,,,Heterossexual,,,36,,,Branca,,,,,,"Individual ou até 3 pessoas",Masculino,,,,,,27,,,,,,,,,,"contra a vítima foram proferidas ofensas do tipo “voltar de onde jamais teriasaído”, “lugar de bruxa é na fogueira”, “tem pacto com o demônio”, “vagabunda”.",
"2022/03/10 16:35:01",Goiás,Jataí,,"Violência relativa a pratica de atos/ritos religiosos","Art. 208 do Código Penal","Individual ou até 3 pessoas",Feminino,,,,,,,,,"Jan 1, 2021",,,,25,,,,,,,,,"Individual ou até 3 pessoas",Masculino,,,,,,30,,,,,,,,,,,
"2022/03/10 16:32:32",Goiás,Luziânia,,"Violência relativa a pratica de atos/ritos religiosos","Art. 208 do Código Penal","Individual ou até 3 pessoas",Feminino,,,,,,,,,"Jan 1, 2021",,,,35,,,,,,,,,"Individual ou até 3 pessoas",Masculino,,,,,,35,,,,,,,,,,,
"2022/03/10 16:29:14",Goiás,Anápolis,,"Violência relativa a pratica de atos/ritos religiosos","Art. 208 do Código Penal","Individual ou até 3 pessoas",,,,,,,,,,"Jan 1, 2021",,,,,,,,,,,,,"Individual ou até 3 pessoas",Masculino,,,,,,35,,,,,,,,,,,
"2022/03/10 16:27:08",Goiás,Catalão,,"Violência relativa a pratica de atos/ritos religiosos","Art. 208 do Código Penal","Individual ou até 3 pessoas",,Feminino,,,,,,,,"Jan 1, 2021",,,,,35,,,"Parda (negra)",,,,,"Individual ou até 3 pessoas",Masculino,,,,,,35,,,,,,,,,,,
"2022/03/10 16:14:59",Goiás,Formosa,,"Violência relativa a pratica de atos/ritos religiosos","Art. 208 do Código Penal","Individual ou até 3 pessoas",Masculino,,,,,,,,,"Jan 1, 2020",,,,35,,,"Parda (negra)",,,,,,"Individual ou até 3 pessoas",Feminino,,,,,,18,,,,,,,,,,,
"2022/03/10 16:12:22",Goiás,Luziânia,,"Violência relativa a pratica de atos/ritos religiosos","Art. 208 do Código Penal","Individual ou até 3 pessoas",Feminino,,,,,,,,,"Jan 1, 2020",,,,,,,,,,,,,"Individual ou até 3 pessoas",Masculino,,,,,,,,,,,,,,,,,
"2022/03/10 16:10:19",Goiás,"Águas Lindas",,"Violência relativa a pratica de atos/ritos religiosos","Art. 208 do Código Penal","Individual ou até 3 pessoas",Masculino,,,,,,,,,"Jan 1, 2020",,,,,,,,,,,,,"Individual ou até 3 pessoas",Masculino,,,,,,,,,,,,,,,,,
"2022/03/10 16:08:07",Goiás,"Aparecida de Goiânia",,"Violência relativa a pratica de atos/ritos religiosos","Art. 208 do Código Penal","Individual ou até 3 pessoas",Feminino,,,,,,,,,"Jan 1, 2020",,,,,,,,,,,,,"Individual ou até 3 pessoas",Masculino,,,,,,,,,,,,,,,,,
"2022/03/10 15:31:11",Sergipe,Aracaju,Psicológico,"Violência psicológica por motivação religiosa
Violência moral por motivação religiosa","784: PRATICAR A DISCRIMINAÇÃO OU PRECONCEITO DE RAÇA, COR, ETNIA, RELIGIÃO OU PROCEDÊNCIA NACIONAL-RACISMO  (ART. 20 DA LEI 7.716/1989), 53: INJÚRIA COMETIDA OFENDENDO A DIGNIDADE OU O DECORO (ART. 140 CAPUT DO CPB)","Individual ou até 3 pessoas",Feminino,NA,NA,,,"Não informado",,,"Não informado","Jul 9, 2019",NA,NA,NA,46,,,"Parda (negra)",,,"Não informada",,,"Individual ou até 3 pessoas",Feminino,NA,NA,NA,NA,NA,,,,Branca,,,"Não informado",,,,,"Crime realizado  em estabelecimento comercial"
"2022/03/10 15:09:38",Goiás,"Cidade de Goiás",,"Violência relativa a pratica de atos/ritos religiosos","Art. 208 do Código Penal","Individual ou até 3 pessoas",,,,,,,,,,"Jan 1, 2019",,,,,,,,,,,,,"Individual ou até 3 pessoas",Masculino,,,,,,,,,,,,,,,,,
"2022/03/10 15:07:12",Goiás,Goianésia,,"Violência relativa a pratica de atos/ritos religiosos","Art. 208 do Código Penal","Individual ou até 3 pessoas",,Masculino,,,,,,,,"Jan 1, 2020",,,,,,,,,,,,,"Individual ou até 3 pessoas",Masculino,,,,,,,,,,,,,,,,,
"2022/03/10 15:05:58",Sergipe,Aracaju,Psicológico,"Violência psicológica por motivação religiosa
Violência moral por motivação religiosa","55: INJÚRIA RACIAL (ART. 140, § 3° DO CPB)","Individual ou até 3 pessoas",Feminino,Masculino,Masculino,"Não informado","Não informado","Não informado",,,,"Jul 16, 2019",NA,NA,NA,52,24,34,"Preta (negra)","Parda (negra)","Preta (negra)","Não informada","Não informada","Não informado","Individual ou até 3 pessoas",Masculino,NA,NA,NA,NA,NA,,,,,,,,,,,,"Crime realizado em estabelecimento comercial"
"2022/03/10 15:04:40",Goiás,Uruaçu,,"Violência relativa a pratica de atos/ritos religiosos","Art. 208 do Código Penal","Individual ou até 3 pessoas",Masculino,,,,,,,,,"Jan 1, 2020",,,,,,,,,,,,,"Individual ou até 3 pessoas",Masculino,,,,,,,,,,,,,,,,,
"2022/03/10 15:00:47",Goiás,Goiânia,,"Violência relativa a pratica de atos/ritos religiosos","Art. 208 do Código Penal","Individual ou até 3 pessoas",Feminino,,,,,,,,,"Jan 1, 2020",,,,,,,,,,,,,"Individual ou até 3 pessoas",Masculino,,,,,,,,,,,,,,,,,
"2022/03/10 14:58:30",Goiás,Ceres,,"Violência relativa a pratica de atos/ritos religiosos","Art. 208 do Código Penal","Individual ou até 3 pessoas",,,,,,,,,,"Jan 1, 2020",,,,,,,,,,,,,"Individual ou até 3 pessoas",Masculino,,,,,,,,,,,,,,,,,
"2022/03/10 14:57:50",Sergipe,Aracaju,Físico,"Violência física por motivação religiosa","21: LESÃO CORPORAL DOLOSA (ART. 129 CAPUT DO CPB)","Individual ou até 3 pessoas",Masculino,NA,NA,,,"Não informado",,,,"Jan 12, 2019",Homossexual,NA,NA,48,,,Branca,,,"Não informada",,,"Coletivo ou grupo",NA,NA,NA,NA,NA,NA,,,,,,,,,,,,"Crime realizado em via pública"
"2022/03/10 14:55:52",Goiás,Ceres,,"Violência relativa a pratica de atos/ritos religiosos","Art. 208 do Código Penal","Individual ou até 3 pessoas",,,,,,,,,,"Jan 1, 2020",,,,,,,,,,,,,"Individual ou até 3 pessoas",Masculino,,,,,,,,,,,,,,,,,
"2022/03/10 14:53:45",Goiás,Porangatu,,"Violência relativa a pratica de atos/ritos religiosos","Art. 208 do Código Penal","Individual ou até 3 pessoas",Feminino,,,,,,,,,"Jan 1, 2020",,,,,,,,,,,,,"Individual ou até 3 pessoas",Feminino,,,,,,,,,,,,,,,,,
"2022/03/10 14:50:38",Goiás,Catalão,,"Violência relativa a pratica de atos/ritos religiosos","Art. 208 do Código Penal","Individual ou até 3 pessoas",,,,,,,,,,"Jan 1, 2020",,,,,,,,,,,,,"Individual ou até 3 pessoas",,,,,,,,,,,,,,,,,,
"2022/03/10 14:46:35",Goiás,"Aparecida de Goiânia",,"Violência relativa a pratica de atos/ritos religiosos","Art. 208 do Código Penal","Individual ou até 3 pessoas",Masculino,,,,,,,,,"Jan 1, 2020",,,,,,,,,,,,,"Individual ou até 3 pessoas",,,,,,,,,,,,,,,,,,
"2022/03/10 14:44:49",Sergipe,"SÃO CRISTÓVÃO",Psicológico,"Violência psicológica por motivação religiosa
Violência moral por motivação religiosa","53: INJÚRIA COMETIDA OFENDENDO A DIGNIDADE OU O DECORO (ART. 140 CAPUT DO CPB)","Individual ou até 3 pessoas",Feminino,NA,NA,,,"Não informado",,,"Não informado","Jan 23, 2020",NA,NA,NA,44,,,"Parda (negra)",,,"Não informada",,,"Individual ou até 3 pessoas",Masculino,NA,NA,NA,NA,NA,,,,,,,"Não informado",,,,,
"2022/03/10 14:41:30",Goiás,Goiânia,,"Violência relativa a pratica de atos/ritos religiosos","Art. 208 do Código Penal","Individual ou até 3 pessoas",,,,,,,,,,"Jan 1, 2020",,,,,,,,,,,,,"Individual ou até 3 pessoas",Feminino,Masculino,Feminino,,,,,,,,,,,,,,,
"2022/03/10 14:37:34",Sergipe,"NOSSA SENHORA DO SOCORRO",Psicológico,"Violência psicológica por motivação religiosa
Violência moral por motivação religiosa","784: PRATICAR A DISCRIMINAÇÃO OU PRECONCEITO DE RAÇA, COR, ETNIA, RELIGIÃO OU PROCEDÊNCIA NACIONAL-RACISMO  (ART. 20 DA LEI 7.716/1989)","Grupo ou coletivo",Masculino,Masculino,Feminino,"Não Informada","Não Informada","Não informado","Não Informada","Não Informada","Não Informada","May 9, 2020",NA,NA,NA,36,,,"Parda (negra)",,,"Não informada","Não Informada","Não Informada","Coletivo ou grupo",NA,NA,NA,NA,NA,NA,,,,,,,"Não Informada","Não Informada","Não Informada",,,
"2022/03/10 14:30:16",Goiás,Trindade,,"Violência relativa a pratica de atos/ritos religiosos","Art. 208 do Código Penal","Individual ou até 3 pessoas",Feminino,,,,,,,,,"Jan 1, 2019",,,,,,,,,,,,,"Individual ou até 3 pessoas",Masculino,,,,,,,,,,,,,,,,,
"2022/03/10 14:26:46",Goiás,Trindade,,"Violência relativa a pratica de atos/ritos religiosos","Art. 208 do Código Penal","Individual ou até 3 pessoas",Feminino,,,,,,,,,"Jan 1, 2019",,,,,,,,,,,,,"Individual ou até 3 pessoas",Masculino,,,,,,,,,,,,,,,,,
"2022/03/10 14:17:19",Sergipe,Aracaju,Psicológico,"Violência moral por motivação religiosa","786: PRATICAR A DISCRIMINAÇÃO OU PRECONCEITO DE RAÇA, COR, ETNIA, RELIGIÃO OU PROCEDÊNCIA NACIONAL ATRAVÉS DOS MEIOS DE COMUNICAÇÃO SOCIAL (§ 2° DA LEI 7.716/1989, ART. 20)","Individual ou até 3 pessoas",Masculino,NA,NA,,,"Não informado",,,,,NA,NA,NA,23,,,,,,"Não informada",,,"Individual ou até 3 pessoas",Masculino,NA,NA,NA,NA,NA,,,,,,,"Não Informada",,,,,
"2022/03/10 14:12:01",Sergipe,Aracaju,Psicológico,"Violência moral por motivação religiosa","784: PRATICAR A DISCRIMINAÇÃO OU PRECONCEITO DE RAÇA, COR, ETNIA, RELIGIÃO OU PROCEDÊNCIA NACIONAL-RACISMO  (ART. 20 DA LEI 7.716/1989)","Individual ou até 3 pessoas",Feminino,NA,NA,,,"Não informado",,,"Não informado","Aug 4, 2020",NA,NA,NA,28,,,"Parda (negra)",,,"Não informada",,,"Individual ou até 3 pessoas",Feminino,NA,NA,Heterossexual,NA,NA,49,,,Branca,,,"Não informado",,,,,"Crime realizado em via pública"
"2022/03/10 14:06:58",Sergipe,Aracaju,NA,"Violência moral por motivação religiosa","174: ULTRAJE A CULTO E IMPEDIMENTO OU PERTURBAÇÃO DE ATO A ELE RELATIVO (ART. 208 CAPUT DO CPB)","Grupo ou coletivo",NA,NA,NA,,,"Não informado",,,,,NA,NA,NA,,,,,,,"Não informada",,,"Coletivo ou grupo",,,,,,,,,,,,,,,,,,
"2022/03/10 14:03:59",Sergipe,Aracaju,Psicológico,"Violência moral por motivação religiosa","784: PRATICAR A DISCRIMINAÇÃO OU PRECONCEITO DE RAÇA, COR, ETNIA, RELIGIÃO OU PROCEDÊNCIA NACIONAL-RACISMO  (ART. 20 DA LEI 7.716/1989)","Individual ou até 3 pessoas",Masculino,NA,NA,,,"Não informado",,,"Não informado","Oct 18, 2020",Heterossexual,NA,NA,27,,,Branca,,,"Não informada",,,"Individual ou até 3 pessoas",Masculino,NA,NA,NA,NA,NA,,,,,,,"Não informado",,,,,"Crime realizado em templo religioso"
"2022/03/10 13:30:14",Goiás,"Caldas Novas",,"Violência relativa a pratica de atos/ritos religiosos","Art. 208 do Código Penal","Individual ou até 3 pessoas",Masculino,,,,,,,,,"Jan 1, 2019",,,,,,,,,,,,,"Individual ou até 3 pessoas",,,,,,,,,,,,,,,,,,
"2022/03/10 13:27:45",Goiás,Anápolis,,"Violência relativa a pratica de atos/ritos religiosos","Art. 208 do Código Penal","Individual ou até 3 pessoas",,,,,,,,,,"Jan 1, 2019",,,,,,,,,,,,,"Individual ou até 3 pessoas",,,,,,,,,,,,,,,,,,
"2022/03/10 13:24:24",Goiás,Anápolis,,"Violência relativa a pratica de atos/ritos religiosos","Art. 208 do Código Penal","Individual ou até 3 pessoas",,,,,,,,,,"Jan 1, 2019",,,,,,,,,,,,,"Individual ou até 3 pessoas",,,,,,,,,,,,,,,,,,
"2022/03/10 13:04:07",Goiás,Catalão,,"Violência relativa a pratica de atos/ritos religiosos","Art. 208 do Código Penal","Individual ou até 3 pessoas",Masculino,,,,,,,,,"Jan 1, 2019",,,,,,,,,,,,,"Individual ou até 3 pessoas",Feminino,,,,,,,,,,,,,,,,,
"2022/03/10 13:01:25",Goiás,Anápolis,,"Violência relativa a pratica de atos/ritos religiosos","Art. 208 do Código Penal","Individual ou até 3 pessoas",,,,,,,,,,"Jan 1, 2019",,,,,,,,,,,,,"Individual ou até 3 pessoas",Masculino,,,,,,,,,,,,,,,,,
"2022/03/10 12:59:04",Goiás,Ceres,,"Violência relativa a pratica de atos/ritos religiosos","Art. 208 do Código Penal","Individual ou até 3 pessoas",Feminino,Masculino,,,,,,,,"Jan 1, 2019",,,,65,65,,,,,,,,"Individual ou até 3 pessoas",Masculino,,,,,,,,,,,,,,,,,
"2022/03/10 12:55:11",Goiás,Anápolis,Psicológico,"Violência relativa a pratica de atos/ritos religiosos","Art. 208 do Código Penal","Individual ou até 3 pessoas",Masculino,,,,,,,,,"Jan 1, 2019",,,,,,,,,,,,,"Individual ou até 3 pessoas",Masculino,,,,,,,,,,,,,,,,,
"2022/03/10 12:46:33",Goiás,Catalão,Psicológico,,"Art. 208 do Código Penal","Individual ou até 3 pessoas",,,,,,,,,,"Jan 1, 2019",,,,,,,,,,,,,"Individual ou até 3 pessoas",Masculino,,,,,,,,,,,,,,,,,
"2022/03/10 12:33:40",Goiás,Jataí,Psicológico,"Violência relativa a pratica de atos/ritos religiosos
Violência moral por motivação religiosa","Art. 208 do Código Penal","Individual ou até 3 pessoas",Feminino,,,,,,,,,"Jan 1, 2019",,,,,,,,,,,,,"Individual ou até 3 pessoas",Feminino,NA,,,,,,,,,,,,,,,,
"2022/03/09 16:50:39",Sergipe,Aracaju,NA,"Violência moral por motivação religiosa","52: DIFAMAÇÃO (ART. 139 DO CPB)","Individual ou até 3 pessoas",Feminino,Feminino,NA,,"Não informada","Não informado",,,,,Heterossexual,Heterossexual,NA,42,38,,"Preta (negra)","Preta (negra)",,"Não informada","Não informada",,"Individual ou até 3 pessoas",Feminino,NA,NA,NA,NA,NA,40,,,"Parda (negra)",,,,,,,,
"2022/03/09 16:45:25",Sergipe,Aracaju,Psicológico,"Violência moral por motivação religiosa","786: PRATICAR A DISCRIMINAÇÃO OU PRECONCEITO DE RAÇA, COR, ETNIA, RELIGIÃO OU PROCEDÊNCIA NACIONAL ATRAVÉS DOS MEIOS DE COMUNICAÇÃO SOCIAL (§ 2° DA LEI 7.716/1989, ART. 20)","Individual ou até 3 pessoas",Feminino,NA,NA,,,"Não informado",,,"Não informado","Dec 14, 2020",NA,NA,NA,21,,,Branca,,,"Não informada",,,"Individual ou até 3 pessoas",,NA,NA,NA,NA,NA,,,,Branca,,,"Não informado",,,,,"Crime em ambiente Virtual"
"2022/03/09 16:39:25",Sergipe,Aracaju,Psicológico,"Violência moral por motivação religiosa","786: PRATICAR A DISCRIMINAÇÃO OU PRECONCEITO DE RAÇA, COR, ETNIA, RELIGIÃO OU PROCEDÊNCIA NACIONAL ATRAVÉS DOS MEIOS DE COMUNICAÇÃO SOCIAL (ART. 20, § 2° DA LEI 7.716/1989)","Individual ou até 3 pessoas",Masculino,NA,NA,,,"Não informado",,,"Não informado","Nov 30, 2020",NA,NA,NA,26,,,,,,"Não informada",,,"Individual ou até 3 pessoas",Feminino,NA,NA,Heterossexual,NA,NA,30,,,Branca,,,"Não informado",,,,,"Crime realizado em ambiente virtual"
"2022/03/09 16:35:28",Sergipe,Aracaju,Psicológico,"Violência psicológica por motivação religiosa
Violência moral por motivação religiosa","786: PRATICAR A DISCRIMINAÇÃO OU PRECONCEITO DE RAÇA, COR, ETNIA, RELIGIÃO OU PROCEDÊNCIA NACIONAL ATRAVÉS DOS MEIOS DE COMUNICAÇÃO SOCIAL (§ 2° DA LEI 7.716/1989, ART. 20)","Individual ou até 3 pessoas",Feminino,NA,NA,,,"Não informado",,,"Não informado","Dec 13, 2020",NA,NA,NA,25,,,,,,"Não informada",,,"Individual ou até 3 pessoas",NA,NA,NA,NA,NA,NA,,,,,,,"Não informado",,,,,"Crime realizado em ambiente virtual"
"2022/03/09 16:30:24",Sergipe,Aracaju,Psicológico,"Violência psicológica por motivação religiosa
Violência moral por motivação religiosa","786: PRATICAR A DISCRIMINAÇÃO OU PRECONCEITO DE RAÇA, COR, ETNIA, RELIGIÃO OU PROCEDÊNCIA NACIONAL ATRAVÉS DOS MEIOS DE COMUNICAÇÃO SOCIAL (§ 2° DA LEI 7.716/1989, ART. 20)","Individual ou até 3 pessoas",Feminino,NA,NA,,,"Não informado",,,"Não informado","Mar 10, 2021",NA,NA,NA,34,,,,,,"Não informada",,,"Coletivo ou grupo",Feminino,NA,NA,NA,,,,,,,,,"Não informado",,,,,
"2022/03/09 16:24:53",Sergipe,,Psicológico,"Violência moral por motivação religiosa","784: PRATICAR A DISCRIMINAÇÃO OU PRECONCEITO DE RAÇA, COR, ETNIA, RELIGIÃO OU PROCEDÊNCIA NACIONAL-RACISMO  (ART. 20 DA LEI 7.716/1989)","Individual ou até 3 pessoas",Masculino,NA,NA,,,"Não informado",,,,"Oct 9, 2021",NA,NA,NA,37,,,,,,"Não informada",,,"Coletivo ou grupo",Feminino,NA,NA,NA,NA,NA,,,,,,,,,,,,
"2022/03/08 09:57:09","Distrito Federal",Ceilândia,Psicológico,"Violência moral por motivação religiosa",,"Individual ou até 3 pessoas",Masculino,,,,,"Ensino médio completo",,,,"Nov 19, 2021",,,,,,,"Parda (negra)",,,,,,"Individual ou até 3 pessoas",Feminino,,,,,,,,,,,,,,,,"Mulher discrimina homem negro em Ceilândia",
"2022/03/08 09:54:45","Distrito Federal",Arniqueira,Psicológico,"Violência moral por motivação religiosa",,"Individual ou até 3 pessoas",Masculino,,,,,"Ensino superior completo",,,,"Oct 14, 2021",,,,,,,Branca,,,,,,"Individual ou até 3 pessoas",,,,,,,,,,,,,,,,,"Mais um caso com pouco ou nenhum dado sobre o agressor ou local do crime. Homem branco foi vítima de intolerância religiosa em Arniqueira.",
"2022/03/08 09:51:51","Distrito Federal",Ceilândia,Psicológico,"Violência moral por motivação religiosa",,"Individual ou até 3 pessoas",Masculino,,,,,,,,,"Sep 21, 2021",,,,,,,"Preta (negra)",,,,,,,,,,,,,,,,,,,,,,,"Denúncia sem identificação do agressor ou local do crime. Homem negro foi vítima de intolerância religiosa.",
"2022/03/08 09:49:30","Distrito Federal",Planaltina,Psicológico,"Violência moral por motivação religiosa",,"Individual ou até 3 pessoas",Feminino,,,,,Pós-graduado,,,"Ensino superior completo","Oct 25, 2019",,,,,,,Branca,,,,,,"Individual ou até 3 pessoas",Masculino,,,,,,,,,"Parda (negra)",,,,,,,"Na internet, policial militar profere ofensas à mulher por intolerância religiosa",
"2022/03/08 09:45:57","Distrito Federal",Ceilândia,Psicológico,"Violência moral por motivação religiosa",,"Individual ou até 3 pessoas",Feminino,,,,,"Ensino superior completo",,,"Ensino médio completo","Jun 25, 2021",,,,,,,"Parda (negra)",,,,,,"Individual ou até 3 pessoas",Feminino,,,,,,,,,"Parda (negra)",,,,,,,"Mulher é intolerante religiosamente na internet contra outra mulher",
"2022/03/08 09:42:46","Distrito Federal",Samambaia,Psicológico,"Violência psicológica por motivação religiosa
Violência moral por motivação religiosa",,"Individual ou até 3 pessoas",Feminino,Masculino,,,"Ensino superior completo","Ensino médio completo",,,,"Dec 24, 2021",,,,,,,,,,,,,"Individual ou até 3 pessoas",Masculino,Masculino,Masculino,,,,,,,,,,,,,,"Na véspera do Natal, três agressores cometem discriminação dentro de residência contra homem e mulher.",
"2022/03/08 09:34:16","Distrito Federal",Planaltina,Psicológico,"Violência psicológica por motivação religiosa
Violência moral por motivação religiosa",,"Individual ou até 3 pessoas",Feminino,,,,,,,,,"Aug 1, 2021",,,,,,,,,,,,,"Individual ou até 3 pessoas",Masculino,,,,,,,,,,,,,,,,"Homem discrimina mulher em via pública",
"2022/03/08 09:31:27","Distrito Federal",Planaltina,Psicológico,"Violência moral por motivação religiosa",,"Individual ou até 3 pessoas",Feminino,,,,,,,,"Ensino médio completo","Oct 20, 2021",,,,,,,,,,,,,"Individual ou até 3 pessoas",Masculino,,,,,,,,,,,,,,,,"Jovem discrimina mulher dentro de residência",
"2022/03/08 09:26:45",,Samambaia,Psicológico,"Violência moral por motivação religiosa",,"Individual ou até 3 pessoas",Feminino,,,,,"Ensino médio completo",,,,"Sep 18, 2020",,,,,,,,,,,,,"Individual ou até 3 pessoas",Feminino,,,,,,,,,,,,,,,,"Dentro de residência, mulher sofre discriminação religiosa",
"2022/03/08 09:23:36","Distrito Federal",Ceilândia,Psicológico,"Violência moral por motivação religiosa",,"Individual ou até 3 pessoas",Feminino,,,,,"Ensino médio completo",,,,"Sep 30, 2020",,,,,,,"Parda (negra)",,,,,,"Individual ou até 3 pessoas",Masculino,,,,,,,,,"Parda (negra)",,,,,,,"Em via pública, homem ofende mulher por conta de religião",
"2022/03/08 09:20:20","Distrito Federal","Riacho Fundo",Psicológico,"Violência psicológica por motivação religiosa
Violência moral por motivação religiosa",,"Individual ou até 3 pessoas",Masculino,,,,,,,,,"May 21, 2021",,,,,,,,,,,,,"Individual ou até 3 pessoas",Feminino,Masculino,,,,,,,,,,,,,,,"Dentro de estabelecimento comercial, dupla discrimina homem",
"2022/03/08 09:03:03","Distrito Federal",Brazlândia,Psicológico,"Violência moral por motivação religiosa",,"Individual ou até 3 pessoas",Feminino,,,,,,,,,"Oct 3, 2021",,,,,,,,,,,,,"Individual ou até 3 pessoas",NA,,,,,,,,,,,,,,,,"Artesão sofre discriminação religiosa em zona rural de Brazlândia",
"2022/03/08 09:00:37","Distrito Federal",Ceilândia,Psicológico,"Violência moral por motivação religiosa",,"Individual ou até 3 pessoas",Masculino,,,,,"Ensino médio incompleto",,,,"May 1, 2019",,,,,,,,,,,,,,,,,,,,,,,,,,,,,,"Homem sofre ofensas em via pública. Não há informações sobre o(s) agressor(es).",
"2022/03/08 08:56:42","Distrito Federal",Sobradinho,Psicológico,"Violência moral por motivação religiosa",,"Individual ou até 3 pessoas",,,,,,,,,,"Apr 5, 2021",,,,,,,,,,,,,"Individual ou até 3 pessoas",Masculino,,,,,,,,,,,,,,,,"Caso com poucas informações registradas. Não sabemos local ou dados da vítima, apenas que um homem atacou uma pessoa em Sobradinho.",
"2022/03/08 08:54:19","Distrito Federal",Brazlândia,Psicológico,"Violência moral por motivação religiosa",,"Individual ou até 3 pessoas",Masculino,,,,,"Ensino fundamental incompleto",,,"Ensino fundamental incompleto","Apr 19, 2021",,,,,,,,,,,,,"Individual ou até 3 pessoas",Feminino,,,,,,,,,,,,,,,,"Em ligação telefônica, mulher discrimina homem em razão de religião",
"2022/03/08 08:51:08","Distrito Federal","Lago Sul",Psicológico,"Violência moral por motivação religiosa",,"Individual ou até 3 pessoas",Feminino,,,,,"Ensino médio completo",,,,"Jun 25, 2021",,,,60,,,Branca,,,,,,"Individual ou até 3 pessoas",Masculino,,,,,,,,,"Parda (negra)",,,,,,,"Homem pardo discrimina idosa branca dentro de residência",
"2022/03/08 08:48:17","Distrito Federal",Candangolândia,Psicológico,"Violência moral por motivação religiosa",,"Individual ou até 3 pessoas",Feminino,,,,,"Ensino fundamental completo",,,,"Jun 10, 2019",,,,,,,,,,,,,"Individual ou até 3 pessoas",Masculino,,,,,,,,,"Parda (negra)",,,,,,,"Policial militar discrimina mulher dentro de residência",
"2022/03/08 08:44:31","Distrito Federal",Planaltina,Psicológico,"Violência psicológica por motivação religiosa
Violência moral por motivação religiosa",,"Individual ou até 3 pessoas",Feminino,Masculino,,,"Ensino médio completo","Ensino fundamental completo",,,,"Jan 29, 2021",,,,60,60,,Branca,Branca,,,,,"Coletivo ou grupo",Feminino,Masculino,Masculino,NA,,,,,,,,,,,,,"4 adultos discriminam casal de idosos dentro de uma residência por motivação religiosa",
"2022/03/08 08:40:27","Distrito Federal",Brasília,Psicológico,"Violência psicológica por motivação religiosa
Violência moral por motivação religiosa",,"Individual ou até 3 pessoas",Feminino,Feminino,Masculino,"Ensino superior incompleto","Ensino superior completo",,,,"Ensino superior incompleto","Dec 9, 2019",,Heterossexual,Heterossexual,,,,Branca,Branca,Branca,,,,"Individual ou até 3 pessoas",Masculino,,,Heterossexual,,,,,,Branca,,,,,,,"Em uma escola da região, um homem cometeu discriminação religiosa contra três pessoas",
"2022/03/08 08:36:10","Distrito Federal",Taguatinga,Psicológico,"Violência psicológica por motivação religiosa
Violência moral por motivação religiosa",,"Individual ou até 3 pessoas",Feminino,,,,,"Ensino superior completo",,,"Ensino médio completo","Oct 13, 2019",Homossexual,,,,,,Branca,,,,,,"Individual ou até 3 pessoas",Feminino,Masculino,,,,,60,,,"Parda (negra)","Parda (negra)",,,,,,"Dentro de residência, homem e mulher discriminam a vítima em razão da sua religião",
"2022/03/08 08:32:23","Distrito Federal","Lago Norte",Psicológico,"Violência psicológica por motivação religiosa
Violência moral por motivação religiosa",,"Individual ou até 3 pessoas",Masculino,,,,,,,,,"Dec 22, 2021",,,,,,,,,,,,,"Individual ou até 3 pessoas",Masculino,,,,,,,,,,,,,,,,"Dois agressores (um sem dados que o identifiquem) discriminam religiosamente um policial civil em via pública",
"2022/03/08 08:27:57","Distrito Federal",Brasília,Psicológico,"Violência psicológica por motivação religiosa
Violência moral por motivação religiosa",,"Individual ou até 3 pessoas",Masculino,,,,,,,,,"Nov 19, 2021",,,,60,,,,,,,,,"Individual ou até 3 pessoas",Masculino,Masculino,,,,,,,,,,,,,,,"Mais um crime online. Dois homens não identificados atacam idoso por motivações religiosas.",
"2022/03/08 08:24:32","Distrito Federal",Brasília,Psicológico,"Violência moral por motivação religiosa",,"Individual ou até 3 pessoas",Masculino,,,,,"Ensino fundamental completo",,,,"Sep 19, 2021",,,,60,,,Branca,,,,,,,,,,,,,,,,,,,,,,,"Idoso sofre intolerância religiosa na internet. Não há informações sobre o agressor.",
"2022/03/08 08:17:25","Distrito Federal",Taguatinga,Psicológico,"Violência moral por motivação religiosa",,"Individual ou até 3 pessoas",Feminino,Feminino,,,,,,,,"Jul 1, 2021",,,,,,,,,,,,,"Individual ou até 3 pessoas",Feminino,,,,,,,,,,,,,,,,"Dentro de uma residência uma mulher com idade entre 46 e 50 anos, desempregada, discrimina religiosamente duas pessoas",
"2022/03/08 08:14:15","Distrito Federal",Gama,Psicológico,"Violência psicológica por motivação religiosa
Violência moral por motivação religiosa",,"Individual ou até 3 pessoas",Feminino,Masculino,,,,,,,,"Aug 29, 2021",,,,,,,"Parda (negra)","Parda (negra)",,,,,"Individual ou até 3 pessoas",Feminino,Feminino,,,,,,,,,,,,,,,"Três vítimas (uma delas sem dados de identificação) são alvo de discriminação online de uma dupla de mulheres",
"2022/03/08 08:04:18","Distrito Federal",Brasília,Psicológico,"Violência moral por motivação religiosa",,"Individual ou até 3 pessoas",,,,,,,,,,"Aug 23, 2021",,,,,,,,,,,,,,,,,,,,,,,,,,,,,,"Pessoa recebe ofensa de teor religioso online, mas não fornece muitas informações no BO",
"2022/03/08 07:58:12","Distrito Federal",Samambaia,Psicológico,"Violência psicológica por motivação religiosa
Violência moral por motivação religiosa",,"Individual ou até 3 pessoas",Masculino,,,,,Pós-graduado,,,,"May 16, 2019",Homossexual,,,,,,"Parda (negra)",,,,,,"Individual ou até 3 pessoas",Feminino,Feminino,,,,,,,,,,,,,,,"Dupla de mulheres discrimina homem pardo em ambiente residencial",
"2022/03/08 00:26:45","Distrito Federal",Guará,Psicológico,"Violência moral por motivação religiosa",,"Individual ou até 3 pessoas",Feminino,Feminino,,,,,,,,"Jul 22, 2020",,,,,,,,,,,,,"Individual ou até 3 pessoas",Masculino,,,,,,,,,,,,,,,,"Homem discrimina duas mulheres na internet devido à religião delas",
"2022/03/08 00:23:03","Distrito Federal",Planaltina,Psicológico,"Violência moral por motivação religiosa",,"Individual ou até 3 pessoas",Feminino,,,,,,,,,"Jun 12, 2020",,,,,,,,,,,,,"Individual ou até 3 pessoas",Masculino,,,,,,,,,Branca,,,,,,,"Homem ofende mulher pela internet por conta da sua crença",
"2022/03/08 00:18:49","Distrito Federal",Paranoá,Psicológico,"Violência moral por motivação religiosa",,"Individual ou até 3 pessoas",Feminino,NA,,,,"Ensino básico incompleto",,,,"Feb 6, 2020",,,,,,,,,,,,,,,,,,,,,,,,,,,,,,"Mulher sofre intolerância religiosa online",
"2022/03/08 00:14:49","Distrito Federal","Riacho Fundo",Psicológico,"Violência moral por motivação religiosa",,"Individual ou até 3 pessoas",Feminino,,,,,,,,,"Mar 25, 2021",,,,,,,,,,,,,"Individual ou até 3 pessoas",Feminino,,,,,,,,,Branca,,,,,,,"Mulher branca profere ofensas na internet relativas à religião da vítima",
"2022/03/08 00:10:21","Distrito Federal",Sobradinho,NA,"Violência psicológica por motivação religiosa",,"Individual ou até 3 pessoas",Masculino,,,,,,,,,"Jan 25, 2021",Homossexual,,,,,,"Parda (negra)",,,,,,"Individual ou até 3 pessoas",Masculino,Masculino,Feminino,,,,,,,,,,,,,,"Trio descrimina religiosamente homem negro na zona rural do DF",
"2022/03/08 00:05:03","Distrito Federal",Paranoá,Psicológico,"Violência moral por motivação religiosa",,"Individual ou até 3 pessoas",Feminino,,,,,"Ensino médio completo",,,,"Jun 21, 2019",,,,,,,,,,,,,"Individual ou até 3 pessoas",Feminino,,,,,,,,,"Parda (negra)",,,,,,,"Mulher discrimina outra mulher em via pública por conta de religião.",
"2022/03/07 23:56:58","Distrito Federal",Brasília,Psicológico,"Violência moral por motivação religiosa",,"Individual ou até 3 pessoas",Masculino,,,,,"Superior incompleto",,,,"Dec 26, 2019",,,,,,,,,,,,,"Individual ou até 3 pessoas",,,,,,,,,,,,,,,,,"Estudante sofre discriminação religiosa em Brasília e autor não é identificado. Este é o único caso do tipo registrado na 1ªDP (delegacia da região) em 2019.",
"2022/03/07 23:42:52","Mato Grosso","Campo Novo",Psicológico,"Violência psicológica por motivação religiosa
Violência moral por motivação religiosa",,"Individual ou até 3 pessoas",Masculino,,,,,,,,,"Feb 1, 2019",Heterossexual,,,51,,,"Parda (negra)",,,,,,"Individual ou até 3 pessoas",,,,,,,,,,,,,,,,,,
"2022/03/07 21:47:12","Mato Grosso","Campo Novo",Psicológico,"Violência psicológica por motivação religiosa
Violência moral por motivação religiosa",,"Individual ou até 3 pessoas",Masculino,,,,,,,,,"Feb 1, 2019",Heterossexual,,,51,,,"Parda (negra)",,,,,,"Individual ou até 3 pessoas",,,,,,,,,,,,,,,,,,
"2022/03/07 21:42:47","Mato Grosso",Cáceres,Psicológico,"Violência psicológica por motivação religiosa
Violência moral por motivação religiosa",,"Individual ou até 3 pessoas",Masculino,,,,,,,,,"Feb 1, 2019",,,,40,,,"Parda (negra)",,,,,,"Individual ou até 3 pessoas",,,,,,,,,,,,,,,,,,
"2022/03/07 21:37:58","Mato Grosso","Barra do Garças",Psicológico,"Violência psicológica por motivação religiosa
Violência moral por motivação religiosa",,"Individual ou até 3 pessoas",Feminino,,,,,,,,,"Feb 1, 2019",,,,24,,,,,,,,,"Individual ou até 3 pessoas",Masculino,,,,,,73,,,,,,,,,,,
"2022/03/07 21:30:46","Mato Grosso","Alto Taquari",Psicológico,"Violência psicológica por motivação religiosa
Violência moral por motivação religiosa",,"Individual ou até 3 pessoas",Masculino,,,,,,,,,"Feb 1, 2019",,,,46,,,,,,,,,"Individual ou até 3 pessoas",Feminino,,,,,,70,,,,,,,,,,,
"2022/03/07 21:26:04","Mato Grosso","Alta Floresta",Psicológico,"Violência psicológica por motivação religiosa
Violência moral por motivação religiosa",,"Individual ou até 3 pessoas",Masculino,,,,,,,,,"Feb 1, 2019",,,,58,,,,,,,,,"Individual ou até 3 pessoas",Feminino,,,,,,51,,,Branca,,,,,,,,
"2022/03/07 21:22:26","Mato Grosso","Alta Floresta",Psicológico,"Violência psicológica por motivação religiosa
Violência moral por motivação religiosa",,"Individual ou até 3 pessoas",Feminino,,,,,,,,,"Feb 1, 2019",,,,24,,,,,,,,,"Individual ou até 3 pessoas",Masculino,,,,,,45,,,"Parda (negra)",,,,,,,,
"2022/03/07 21:20:10","Mato Grosso","Alta Floresta",Psicológico,"Violência psicológica por motivação religiosa
Violência moral por motivação religiosa",,"Individual ou até 3 pessoas",,,,,,,,,,,,,,,,,,,,,,,,,,,,,,,,,,,,,,,,,
"2022/03/07 21:20:00","Mato Grosso","Alta Floresta",Psicológico,"Violência psicológica por motivação religiosa
Violência moral por motivação religiosa",,"Individual ou até 3 pessoas",,,,,,,,,,,,,,,,,,,,,,,,,,,,,,,,,,,,,,,,,
"2022/03/07 21:19:09","Mato Grosso","Alta Floresta",Psicológico,"Violência psicológica por motivação religiosa
Violência moral por motivação religiosa",,"Individual ou até 3 pessoas",Feminino,,,,,,,,,"Feb 1, 2019",,,,22,,,,,,,,,"Individual ou até 3 pessoas",Feminino,,,,,,32,,,Branca,,,,,,,,
"2022/03/07 21:15:53","Mato Grosso","Várzea Grande",Psicológico,"Violência psicológica por motivação religiosa
Violência moral por motivação religiosa",,"Individual ou até 3 pessoas",Feminino,,,,,,,,,"Feb 1, 2019",,,,36,,,,,,,,,"Individual ou até 3 pessoas",,,,,,,,,,,,,,,,,,
"2022/03/07 21:14:01","Mato Grosso","Várzea Grande",Psicológico,"Violência psicológica por motivação religiosa
Violência moral por motivação religiosa",,"Individual ou até 3 pessoas",Feminino,,,,,,,,,"Feb 1, 2019",,,,35,,,,,,,,,"Individual ou até 3 pessoas",,,,,,,,,,,,,,,,,,
"2022/03/07 21:11:27","Mato Grosso",Sorriso,Psicológico,"Violência psicológica por motivação religiosa
Violência moral por motivação religiosa",,"Individual ou até 3 pessoas",Feminino,,,,,,,,,"Feb 1, 2019",,,,59,,,,,,,,,"Individual ou até 3 pessoas",Masculino,,,,,,40,,,"Parda (negra)",,,,,,,,
"2022/03/07 21:08:30","Mato Grosso",Sorriso,Psicológico,"Violência psicológica por motivação religiosa
Violência moral por motivação religiosa",,"Individual ou até 3 pessoas",Feminino,,,,,,,,,"Feb 1, 2019",,,,37,,,"Preta (negra)",,,,,,"Individual ou até 3 pessoas",Masculino,,,,,,30,,,,,,,,,,,
"2022/03/07 21:05:31","Mato Grosso",Sapezal,Psicológico,"Violência psicológica por motivação religiosa
Violência moral por motivação religiosa",,"Individual ou até 3 pessoas",Feminino,,,,,,,,,"Feb 1, 2019",,,,37,,,,,,,,,"Individual ou até 3 pessoas",Feminino,,,,,,30,,,Branca,,,,,,,,
"2022/03/07 20:45:09","Mato Grosso",Rondonópolis,Psicológico,"Violência psicológica por motivação religiosa
Violência moral por motivação religiosa",,"Individual ou até 3 pessoas",Feminino,,,,,,,,,"Feb 1, 2019",,,,57,,,"Preta (negra)",,,,,,"Individual ou até 3 pessoas",Feminino,,,,,,19,,,,,,,,,,"Jovem de 19 anos comete injúria decorrente de intolerância religiosa contra uma senhora negra",
"2022/03/07 20:42:25","Mato Grosso","Pontes e Lacerda",Psicológico,"Violência psicológica por motivação religiosa
Violência moral por motivação religiosa",,"Individual ou até 3 pessoas",Feminino,,,,,,,,,"Feb 1, 2019",Heterossexual,,,34,,,"Preta (negra)",,,,,,"Individual ou até 3 pessoas",Masculino,,,,,,,,,,,,,,,,,
"2022/03/07 19:10:23","Mato Grosso","Pontes e Lacerda",Psicológico,"Violência psicológica por motivação religiosa
Violência moral por motivação religiosa",,"Individual ou até 3 pessoas",Masculino,,,,,,,,,"Feb 1, 2019",Heterossexual,,,29,,,Branca,,,,,,"Individual ou até 3 pessoas",Masculino,,,,,,30,,,Branca,,,,,,,,
"2022/03/07 19:07:15","Mato Grosso","Pontes e Lacerda",Psicológico,"Violência psicológica por motivação religiosa
Violência moral por motivação religiosa",,"Individual ou até 3 pessoas",Feminino,,,,,,,,,"Feb 1, 2019",,,,44,,,,,,,,,"Individual ou até 3 pessoas",Masculino,,,,,,,,,,,,,,,,,
"2022/03/07 19:04:36","Mato Grosso",Paranatinga,Psicológico,"Violência psicológica por motivação religiosa
Violência moral por motivação religiosa",,"Individual ou até 3 pessoas",Feminino,,,,,,,,,"Feb 1, 2019",,,,21,,,,,,,,,"Individual ou até 3 pessoas",,,,,,,,,,,,,,,,,,
"2022/03/07 18:26:06","Mato Grosso",Marcelândia,Psicológico,"Violência psicológica por motivação religiosa
Violência moral por motivação religiosa",,"Individual ou até 3 pessoas",Masculino,,,,,,,,,"Feb 1, 2019",,,,35,,,,,,,,,"Individual ou até 3 pessoas",Masculino,,,,,,29,,,,,,,,,,"Homem comete injúria dentro da residência",
"2022/03/07 18:22:08","Mato Grosso","Lucas do Rio",Psicológico,"Violência psicológica por motivação religiosa
Violência moral por motivação religiosa",,"Individual ou até 3 pessoas",Masculino,,,,,,,,,"Feb 1, 2019",,NA,,28,,,,,,,,,"Individual ou até 3 pessoas",Feminino,,,,,,,,,,,,,,,,"Mulher pratica injúria dentro de um estabelecimento comercial",
"2022/03/07 18:16:39","Mato Grosso","Lucas do Rio",Psicológico,"Violência psicológica por motivação religiosa
Violência moral por motivação religiosa",,"Individual ou até 3 pessoas",Masculino,,,,,,,,,"Jan 1, 2019",,,,23,,,,,,,,,"Individual ou até 3 pessoas",,,,,,,,,,,,,,,,,"Um ou uma agressor(a) cometeu injúria a partir de intolerância religiosa",
"2022/03/07 17:51:58","Mato Grosso","Lucas do Rio",Psicológico,"Violência psicológica por motivação religiosa
Violência moral por motivação religiosa",,"Individual ou até 3 pessoas",Masculino,,,,,,,,,"Jan 1, 2019",,,,22,,,,,,,,,"Individual ou até 3 pessoas",Masculino,,,,,,40,,,"Parda (negra)",,,,,,,"Homem comete injúria devido à intolerância religiosa no meio do comércio livre",
"2022/03/07 17:49:10","Mato Grosso",General,Psicológico,"Violência psicológica por motivação religiosa
Violência moral por motivação religiosa",,"Individual ou até 3 pessoas",Masculino,,,,,,,,,"Jan 1, 2019",,,,64,,,"Parda (negra)",,,,,,"Individual ou até 3 pessoas",,,,,,,,,,,,,,,,,"Mais um caso sem dados sobre o agressor",
"2022/03/07 17:46:59","Mato Grosso",Cuiabá,Psicológico,"Violência psicológica por motivação religiosa
Violência moral por motivação religiosa",,"Individual ou até 3 pessoas",Feminino,,,,,,,,,"Jan 1, 2019",,,,50,,,"Preta (negra)",,,,,,"Individual ou até 3 pessoas",Feminino,,,,,,,,,,,,,,,,"Mulher preta sofre injúria de uma mulher não identificada",
"2022/03/07 17:44:43","Mato Grosso",Cuiabá,Psicológico,"Violência psicológica por motivação religiosa
Violência moral por motivação religiosa",,"Individual ou até 3 pessoas",Masculino,,,,,,,,,"Jan 1, 2019",,,,23,,,"Parda (negra)",,,,,,"Individual ou até 3 pessoas",,,,,,,,,,,,,,,,,"Caso de injúria por conta da intolerância religiosa onde não há nenhum dado sobre o agressor",
"2022/03/07 17:42:06","Mato Grosso",Cuiabá,Psicológico,"Violência psicológica por motivação religiosa
Violência moral por motivação religiosa",,"Individual ou até 3 pessoas",Feminino,,,,,,,,,"Jan 1, 2019",,,,60,,,,,,,,,"Individual ou até 3 pessoas",Feminino,,,,,,30,,,Branca,,,,,,,"Mulher branca comete injúria contra idoso por motivações de intolerância religiosa",
"2022/03/07 17:39:41","Mato Grosso",Cuiabá,Psicológico,"Violência psicológica por motivação religiosa
Violência moral por motivação religiosa",,"Individual ou até 3 pessoas",Masculino,,,,,,,,,"Jan 1, 2019",,,,39,,,,,,,,,"Individual ou até 3 pessoas",Masculino,,,,,,48,,,"Parda (negra)",,,,,,,"Homem pardo comete injúria a partir de intolerância religiosa contra outro homem",
"2022/03/07 17:37:00","Mato Grosso",Cuiabá,Psicológico,"Violência psicológica por motivação religiosa
Violência moral por motivação religiosa",,"Individual ou até 3 pessoas",Masculino,,,,,,,,,"Jan 1, 2019",,,,36,,,,,,,,,"Individual ou até 3 pessoas",Masculino,,,,,,,,,,,,,,,,"Mais um caso de praticamente nenhuma identificação sobre o agressor, só sabemos que se trata de um homem que cometeu injúria contra a vítima",
"2022/03/07 17:33:08","Mato Grosso",Cuiabá,Psicológico,"Violência psicológica por motivação religiosa
Violência moral por motivação religiosa",,"Individual ou até 3 pessoas",Feminino,,,,,,,,,"Jan 1, 2019",,,,36,,,,,,,,,"Individual ou até 3 pessoas",,,,,,,,,,,,,,,,,"Uma pessoa sem gênero e idade identificados cometeu injúria relacionada a intolerância religiosa em uma residência",
"2022/03/07 17:29:59","Mato Grosso",Cuiabá,Psicológico,"Violência psicológica por motivação religiosa
Violência moral por motivação religiosa",,"Individual ou até 3 pessoas",Masculino,,,,,,,,,"Jan 1, 2019",,,,29,,,,,,,,,"Individual ou até 3 pessoas",NA,,,,,,,,,,,,,,,,"Suspeito sem gênero e idade identificados comete injúria relacionada à religião contra um homem",
"2022/03/07 17:01:31","Mato Grosso",Cuiabá,Psicológico,"Violência psicológica por motivação religiosa
Violência moral por motivação religiosa",,"Individual ou até 3 pessoas",Masculino,,,,,,,,,"Jan 1, 2019",,,,27,,,,,,,,,"Individual ou até 3 pessoas",Masculino,,,,,,52,,,Branca,,,,,,,"Homem branco de 52 anos comete intolerância religiosa em via pública",
"2022/03/07 16:59:09","Mato Grosso",Cuiabá,Psicológico,"Violência psicológica por motivação religiosa
Violência moral por motivação religiosa",,"Individual ou até 3 pessoas",Feminino,,,,,,,,,"Jan 1, 2019",,,,27,,,,,,,,,"Individual ou até 3 pessoas",Feminino,,,,,,,,,,,,,,,,"Caso com poucas informações, só sabemos que uma mulher de qualquer faixa etária cometeu intolerância religiosa, mas não sabemos o local",
"2022/03/07 16:54:16","Mato Grosso",Cuiabá,Psicológico,"Violência psicológica por motivação religiosa
Violência moral por motivação religiosa",,"Individual ou até 3 pessoas",Feminino,,,,,,,,,"Jan 1, 2019",,,,25,,,,,,,,,"Individual ou até 3 pessoas",Feminino,,,,,,45,,,"Parda (negra)",,,,,,,"Mulher comete injúria por discriminação religiosa em via pública",
"2022/03/07 16:50:43","Mato Grosso",Cuiabá,Psicológico,"Violência psicológica por motivação religiosa
Violência moral por motivação religiosa",,"Individual ou até 3 pessoas",Masculino,,,,,,,,,"Jan 1, 2019",,,,4,,,,,,,,,"Individual ou até 3 pessoas",Feminino,,,,,,40,,,"Parda (negra)",,,,,,,"Criança de 4 anos sofre intolerância religiosa dentro de casa",
"2022/03/07 16:47:41","Mato Grosso",Cuiabá,Psicológico,"Violência psicológica por motivação religiosa
Violência moral por motivação religiosa",,"Individual ou até 3 pessoas",,,,,,,,,,,,,,,,,,,,,,,,,,,,,,,,,,,,,,,,,
"2022/03/07 16:47:06","Mato Grosso",Cuiabá,Psicológico,"Violência psicológica por motivação religiosa
Violência moral por motivação religiosa",,"Individual ou até 3 pessoas",,,,,,,,,,,,,,,,,,,,,,,,,,,,,,,,,,,,,,,,,
"2022/03/07 16:46:24","Mato Grosso",Cuiabá,Psicológico,"Violência psicológica por motivação religiosa
Violência moral por motivação religiosa",,"Individual ou até 3 pessoas",Feminino,,,,,,,,,"Jan 1, 2019",,,,26,,,,,,,,,"Individual ou até 3 pessoas",Masculino,,,,,,47,,,,,,,,,,"Homem comete injúria no meio de uma via pública",
"2022/03/07 16:43:28","Mato Grosso",Cuiabá,Psicológico,"Violência psicológica por motivação religiosa
Violência moral por motivação religiosa",,"Individual ou até 3 pessoas",Masculino,,,,,,,,,"Jan 1, 2019",,,,43,,,"Parda (negra)",,,,,,"Individual ou até 3 pessoas",Masculino,Masculino,,,,,,,,,,,,,,,"Dupla de homens comente injúria",
"2022/03/07 16:00:43","Mato Grosso",Cuiabá,Psicológico,"Violência psicológica por motivação religiosa
Violência moral por motivação religiosa",,"Individual ou até 3 pessoas",Masculino,,,,,,,,,"Jan 1, 2019",NA,,,33,,,Branca,,,,,,"Individual ou até 3 pessoas",Feminino,Feminino,,,,,,,,,,,,,,,"Dupla comete injúria contra um homem em residência em Cuiabá",
"2022/03/07 15:57:10","Mato Grosso",Cuiabá,Psicológico,"Violência psicológica por motivação religiosa
Violência moral por motivação religiosa",,"Individual ou até 3 pessoas",Masculino,,,,,,,,,"Jan 1, 2019",NA,NA,NA,33,,,,,,,,,"Individual ou até 3 pessoas",Feminino,,,,,,41,,,,,,,,,,"Mulher de 41 anos comete injúria contra homem em ambiente residencial",
"2022/03/07 15:54:32","Mato Grosso",Cuiabá,Psicológico,"Violência psicológica por motivação religiosa
Violência moral por motivação religiosa",,"Individual ou até 3 pessoas",Feminino,,,,,,,,,"Jan 1, 2019",,,,21,,,,,,,,,"Individual ou até 3 pessoas",Feminino,,,,,,25,,,,,,,,,,"Mulher é intolerante em ambiente residencial com outra mulher",
"2022/03/07 13:23:46","Mato Grosso",Cuiabá,Psicológico,"Violência psicológica por motivação religiosa
Violência moral por motivação religiosa",,"Individual ou até 3 pessoas",Masculino,,,,,,,,,"Jan 1, 2019",,,,46,,,,,,,,,"Individual ou até 3 pessoas",Masculino,Masculino,,,,,17,17,,,,,,,,,"Dois homens praticam injúria contra outro homem dentro de um presídio",
"2022/03/07 13:09:14","Mato Grosso",Cuiabá,Psicológico,"Violência psicológica por motivação religiosa
Violência moral por motivação religiosa",,"Individual ou até 3 pessoas",Feminino,,,,,,,,,"Jan 1, 2019",,,,21,,,,,,,,,"Individual ou até 3 pessoas",Feminino,NA,NA,,,,25,,,,,,,,,,"Mulher agride verbalmente outra pessoa em razão da religião",
"2022/03/07 13:01:34","Mato Grosso","Campo Verde",Psicológico,"Violência psicológica por motivação religiosa
Violência moral por motivação religiosa",,"Individual ou até 3 pessoas",Feminino,,,,,,,,,"Jan 1, 2019",,,,25,,,Branca,,,,,,"Individual ou até 3 pessoas",Feminino,,,,,,55,,,,,,,,,,"Uma mulher insulta a outra por intolerância religiosa",
"2022/03/04 15:24:47",Alagoas,Maceio,Psicológico,"Violência psicológica por motivação religiosa
Violência moral por motivação religiosa","784: PRATICAR A DISCRIMINAÇÃO OU PRECONCEITO DE RAÇA, COR, ETNIA, RELIGIÃO OU PROCEDÊNCIA NACIONAL-RACISMO  (ART. 20 DA LEI 7.716/1989)","Individual ou até 3 pessoas",Masculino,NA,NA,,,"Não informado",,,"Não informado","Jul 12, 2021",NA,NA,NA,36,,,"Parda (negra)",,,"Matriz Africana",,,"Individual ou até 3 pessoas",Masculino,NA,NA,NA,NA,NA,76,,,"Parda (negra)",,,"Não informado",,,"Concluído com autoria",,
"2022/03/04 15:17:21",Alagoas,Maceió,Físico,"Violência moral por motivação religiosa
Violência institucional por motivação religiosa","784: PRATICAR A DISCRIMINAÇÃO OU PRECONCEITO DE RAÇA, COR, ETNIA, RELIGIÃO OU PROCEDÊNCIA NACIONAL-RACISMO  (ART. 20 DA LEI 7.716/1989)","Individual ou até 3 pessoas",Masculino,NA,NA,,,"Não informado",,,"Não informado","Aug 19, 2021",NA,NA,NA,51,0,0,"Preta (negra)",,,"Matriz Africana",,,"Individual ou até 3 pessoas",Masculino,NA,NA,NA,NA,NA,39,,,"Parda (negra)",,,"Não informado",,,"Em andamento",,
"2022/03/04 15:01:07","Mato Grosso","Campo Verde",Psicológico,"Violência psicológica por motivação religiosa
Violência moral por motivação religiosa",,"Individual ou até 3 pessoas",Feminino,,,,,,,,,"Jan 1, 2019",NA,,,42,,,"Preta (negra)",,,,,,"Individual ou até 3 pessoas",Feminino,,,NA,,,36,,,,,,,,,,"Mulher comete ato de intolerância religiosa contra uma mulher preta.",
"2022/03/04 15:00:53",Alagoas,"Rio Largo",NA,"Violência psicológica por motivação religiosa
Violência moral por motivação religiosa","784: PRATICAR A DISCRIMINAÇÃO OU PRECONCEITO DE RAÇA, COR, ETNIA, RELIGIÃO OU PROCEDÊNCIA NACIONAL-RACISMO  (ART. 20 DA LEI 7.716/1989)","Individual ou até 3 pessoas",Feminino,NA,NA,,,"Não informado",,,"Não informado","Feb 8, 2021",Heterossexual,NA,NA,36,,,Branca,,,"Matriz Africana",,,"Individual ou até 3 pessoas",Feminino,NA,NA,NA,NA,NA,30,,,"Parda (negra)",,,"Não informado",,,"Concluído com autoria",,
"2022/03/04 14:57:18","Mato Grosso",Acorizal,Psicológico,"Violência psicológica por motivação religiosa
Violência moral por motivação religiosa",,"Individual ou até 3 pessoas",Masculino,,,,,,,,,"Jan 1, 2019",NA,,,53,,,,,,,,,"Individual ou até 3 pessoas",Feminino,,,NA,,,30,,,,,,,,,,"Mulher comete intolerância religiosa contra homem. Ambos não tem a religião ou raça identificadas pelas autoridades.",
"2022/03/04 14:53:41","Mato Grosso",Acorizal,Psicológico,"Violência psicológica por motivação religiosa
Violência moral por motivação religiosa",,"Individual ou até 3 pessoas",Feminino,,,,,,,,,"Jan 1, 2019",NA,NA,NA,37,,,,,,,,,"Individual ou até 3 pessoas",Masculino,NA,NA,NA,,,29,,,Branca,,,,,,,"Homem branco é intolerante com religião de mulher sem raça identificada.","Ato aconteceu dentro de uma residência"
"2022/03/04 14:49:34","Mato Grosso",Acorizal,Psicológico,"Violência psicológica por motivação religiosa
Violência moral por motivação religiosa",,"Individual ou até 3 pessoas",,,,,,,,,,,,,,,,,,,,,,,,,,,,,,,,,,,,,,,,,
"2022/03/04 14:41:46","Mato Grosso",Acorizal,Psicológico,"Violência moral por motivação religiosa",,"Individual ou até 3 pessoas",Masculino,,,,,,,,,"Jan 1, 2010",NA,,,11,,,,,,,,,"Individual ou até 3 pessoas",Feminino,,,NA,,,,,,"Parda (negra)",,,,,,,"Mulher comete ato de intolerância religiosa contra menino de 11 anos.",
"2022/03/04 14:33:26","Mato Grosso",Acorizal,Psicológico,"Violência moral por motivação religiosa",,"Individual ou até 3 pessoas",Masculino,,,,,,,,,"Jan 1, 2019",NA,,,10,,,,,,,,,"Individual ou até 3 pessoas",NA,,,NA,NA,NA,,,,,,,,,,,"Pessoa não identificada comete ato de intolerância religiosa contra menino de 10 anos na residência da vítima.","Estou registrando um dia genérico já que os dados mostram apenas mês e ano"
"2022/03/04 13:22:47",Alagoas,Maceió,Psicológico,"Violência psicológica por motivação religiosa
Violência moral por motivação religiosa","55: INJÚRIA RACIAL (§ 3° DO CPB, ART. 140)","Individual ou até 3 pessoas",Masculino,NA,NA,,,"Não informado",,,"Não informado","Oct 14, 2019",NA,NA,NA,41,,,"Parda (negra)",,,"Matriz Africana",,,"Individual ou até 3 pessoas",Feminino,NA,NA,NA,NA,NA,51,,,Branca,,,"Não informado",,,"Concluído com autoria",,
"2022/03/04 13:17:46",Alagoas,Maceió,Material,"Violência institucional por motivação religiosa
Violência patrimonial por motivação religiosa","5014: COMUNICAÇÃO DE INVASÃO; 110: DANO (ART. 163)","Individual ou até 3 pessoas",Feminino,NA,NA,,,"Não informado",,,"Não informado","Apr 15, 2020",NA,NA,NA,60,,,"Preta (negra)",,,"Matriz Africana",,,"Individual ou até 3 pessoas",NA,NA,NA,NA,NA,NA,,,,,,,"Não informado",,,"Concluído sem autoria",,
"2022/03/04 13:09:29",Alagoas,"Porto Real do Colégio",Psicológico,"Violência psicológica por motivação religiosa
Violência física por motivação religiosa
Violência moral por motivação religiosa","ART. 147 DO CPB, 784 e ART. 20 DA LEI 7.716/1989","Individual ou até 3 pessoas",Feminino,NA,NA,,,"Não informado",,,"Não informado","May 8, 2019",NA,NA,NA,35,,,"Parda (negra)",,,Evangélica,,,"Individual ou até 3 pessoas",Masculino,NA,NA,NA,NA,NA,40,,,"Parda (negra)",,,"Não informado",,,"Concluído com autoria",,
"2022/03/04 12:07:39",Ceará,"AIS 24 -Municípios: Guaiúba, Maranguape e Pacatuba.",NA,NA,,"Individual ou até 3 pessoas",Masculino,NA,NA,,,"Ensino Médio completo",,,,"Sep 29, 2019",NA,NA,NA,46,,,,,,,,,,NA,NA,NA,NA,NA,NA,,,,,,,,,,,,
"2022/03/04 11:18:28",Ceará,"AIS19 - Municípios: Abaiara, Altaneira, Antonina do Norte, Araripe, Assaré, Aurora, Barbalha, Barro, Brejo Santo, Campos Sales, Caririaçu, Crato, Farias Brito, Jardim, Jati, Juazeiro do Norte, Mauriti, Milagres, Missão Velha, Nova Olinda, Penaforte, Porteiras, Potengi, Salitre e Santana do Cariri.",NA,NA,,"Individual ou até 3 pessoas",Masculino,NA,NA,,,Alfabetizado,,,,"Mar 2, 2020",NA,NA,NA,28,,,,,,,,,,NA,NA,NA,NA,NA,NA,,,,,,,,,,,,
"2022/03/04 11:01:45",Ceará,"AIS 10-Bairros: Cidade 2000, Cocó, Dionísio Torres, Engenheiro Luciano Cavalcante, Guararapes, Joaquim Távora, Lourdes, Manuel Dias Branco, Papicu, Praia do Futuro I, Praia do Futuro II, Salinas e São João do Tauape.",NA,NA,,"Individual ou até 3 pessoas",Masculino,NA,NA,,,"Superior completo",,,,"Feb 9, 2020",NA,NA,NA,69,,,,,,,,,,NA,NA,NA,NA,NA,NA,,,,,,,,,,,,
"2022/03/04 10:58:55",Ceará,"AIS 4 - Bairros: Álvaro Weyne, Carlito Pamplona, Centro, Farias Brito, Jacarecanga, Monte Castelo, Moura Brasil, São Gerardo e Vila Ellery.",NA,NA,,"Individual ou até 3 pessoas",Masculino,NA,NA,,,,,,,"Aug 18, 2021",NA,NA,NA,41,,,,,,,,,,NA,NA,NA,NA,NA,NA,,,,,,,,,,,,
"2022/03/04 10:56:16",Ceará,"AIS16 - Municípios: Ararendá, Catunda, Crateús, Hidrolândia, Independência, Ipaporanga, Ipu, Ipueiras, Monsenhor Tabosa, Nova Russas, Novo Oriente, Pires Ferreira, Poranga, Reriutaba, Santa Quitéria, Tamboril e Varjota.",NA,NA,,"Individual ou até 3 pessoas",Masculino,NA,NA,,,"Nível Superior",,,,"Aug 4, 2021",NA,NA,NA,35,,,,,,,,,,NA,NA,NA,NA,NA,NA,,,,,,,,,,,,
"2022/03/04 10:53:09",Ceará,"AIS20 -Municípios: Banabuiú, Choró, Deputado Irapuan Pinheiro, Ibaretama, Ibicuitinga, Jaguaretama, Milhã, Morada Nova, Pedra Branca, Quixadá, Quixeramobim, Senador Pompeu e Solonópole.",NA,NA,,"Individual ou até 3 pessoas",Masculino,NA,NA,,,Alfabetizado,,,,"Dec 24, 2020",NA,NA,NA,29,,,,,,,,,,,,,,,,,,,,,,,,,,,
"2022/03/04 10:43:07",Ceará,"AIS19-Municípios: Abaiara, Altaneira, Antonina do Norte, Araripe, Assaré, Aurora, Barbalha, Barro, Brejo Santo, Campos Sales, Caririaçu, Crato, Farias Brito, Jardim, Jati, Juazeiro do Norte, Mauriti, Milagres, Missão Velha, Nova Olinda, Penaforte, Porteiras, Potengi, Salitre e Santana do Cariri.",NA,NA,,"Individual ou até 3 pessoas",Masculino,,,,,,,,,,NA,,,32,,,"Parda (negra)",,,,,,,,,,,,,,,,,,,,,,,,
"2022/03/03 11:16:12",Ceará,,NA,NA,,"Individual ou até 3 pessoas",Masculino,,,,,,,,,,NA,,,29,,,"Parda (negra)",,,,,,,,,,,,,,,,,,,,,,,,
"2022/03/03 11:00:14",Ceará,"AIS13 - Municípios: Aquiraz, Cascavel, Eusébio e Pindoretama.",NA,NA,,"Individual ou até 3 pessoas",Feminino,,,,,,,,,,NA,,,43,,,,,,,,,,,,,,,,,,,,,,,,,,,
"2022/03/03 10:56:05",Ceará,"AIS19 abrange Municípios: Abaiara, Altaneira, Antonina do Norte, Araripe, Assaré, Aurora, Barbalha, Barro, Brejo Santo, Campos Sales, Caririaçu, Crato, Farias Brito, Jardim, Jati, Juazeiro do Norte, Mauriti, Milagres, Missão Velha, Nova Olinda, Penaforte, Porteiras, Potengi, Salitre e Santana do Cariri.",NA,NA,,"Individual ou até 3 pessoas",Feminino,,,,,,,,,,NA,,,58,,,,,,,,,,,,,,,,,,,,,,,,,,,
"2022/03/03 10:42:54",Ceará,,NA,NA,,"Individual ou até 3 pessoas",Feminino,NA,NA,,,,,,,,NA,NA,NA,40,,,"Parda (negra)",,,,,,,,,,,,,,,,,,,,,,,,
"2022/03/03 09:52:45",Ceará,,NA,NA,,"Individual ou até 3 pessoas",Feminino,NA,NA,,,,,,,,NA,NA,NA,36,,,"Preta (negra)",,,,,,,NA,,NA,NA,NA,,,,,,,,,,,,,
"2022/02/01 12:52:36",Ceará,fortaleza,NA,"Negligência por motivação religiosa",,,Masculino,,,,,,,,,,,,,,,,,,,,,,,,,,,,,,,,,,,,,,,,
